date,pm2_5_mean,pm2_5_max,wind_speed_mean,wind_u_mean,wind_v_mean,temperature_mean,rh_mean,blh_mean,precip_sum,aod_extinction,merra2_surf_pm25_ugm3,aod_missing,pm25_lag7,season
8/8/2022,9.0375,12.1,15.79583333,13.18431978,-7.211494274,29.1625,79.58333333,734.5833333,4.6,0.178809007,11.07986317,0,145.4647054,Monsoon
8/9/2022,7.216666667,9.4,22.64583333,17.03565206,-14.34052814,28.4,79.29166667,904.7916667,2.1,0.189487652,15.43981841,0,147.3453913,Monsoon
8/10/2022,6.325,8.1,24.74166667,19.7454169,-14.52222112,27.9,80.16666667,920,3,0.271433987,23.77342785,0,155.0312517,Monsoon
8/11/2022,8.2125,13,22.20833333,15.50089248,-14.58421409,28.04166667,78.20833333,828.125,1.7,0.189219529,20.83240539,0,42.90431691,Monsoon
8/12/2022,11.93333333,13.6,12.675,7.025611852,-9.667446585,28.85833333,78.41666667,511.25,1.9,0.128784869,9.636406482,0,13.0125,Monsoon
8/13/2022,9.8625,14.4,17.09583333,14.15377802,-9.213390947,28.82916667,77.54166667,675.2083333,1.4,0.132999073,13.7785955,0,13.525,Monsoon
8/14/2022,8.016666667,13.5,24.90416667,18.65095722,-15.16988208,27.96666667,78.375,920.8333333,4.2,0.197314041,21.95191029,0,11.54583333,Monsoon
8/15/2022,13.35,22.5,16.125,7.977545338,-12.68625384,28.17083333,81.5,613.9583333,1.2,0.228584095,24.35752165,0,9.0375,Monsoon
8/16/2022,22.4,33.4,8.658333333,-3.31101451,-7.086888935,29.31666667,79.16666667,432.0833333,1.2,0.250308823,24.23485678,0,7.216666667,Monsoon
8/17/2022,45.16666667,77.5,4.570833333,-2.575367679,1.483629173,30.24583333,78.29166667,392.9166667,0.3,0.432210377,30.60028986,0,6.325,Monsoon
8/18/2022,48.7,70.5,9.883333333,-1.034159821,6.950841951,31,74.66666667,530.625,17.8,0.348501869,31.35338701,0,8.2125,Monsoon
8/19/2022,13.18333333,29.7,18.37916667,15.87007497,-7.760225116,29.19166667,77.08333333,795.8333333,1,0.183195978,19.19613341,0,11.93333333,Monsoon
8/20/2022,8.670833333,12.6,19.8,12.04366575,-15.15270093,28.91666667,78.25,799.7916667,4.8,0.251670914,22.49102123,0,9.8625,Monsoon
8/21/2022,14.72083333,17.8,11.425,4.73246851,-9.708832327,29.25,79.33333333,513.125,0.8,0.245902779,26.2086789,0,8.016666667,Monsoon
8/22/2022,20.20416667,27.3,6.333333333,1.827234705,-4.871402035,29.76666667,79.58333333,409.1666667,1.6,0.219543919,27.85760598,0,13.35,Monsoon
8/23/2022,18.0375,30.6,10.6875,7.997100731,-5.972632004,27.92916667,84.83333333,368.9583333,15.3,0.186847838,18.88936107,0,22.4,Monsoon
8/24/2022,10.94166667,14.8,17.3,11.71397506,-11.29911327,28.37916667,79.125,730.2083333,1.2,0.11019749,8.862517902,0,45.16666667,Monsoon
8/25/2022,22.00416667,30.3,7.429166667,1.929919902,-6.745646179,28.74583333,77.70833333,536.25,0.1,0.195702544,16.00657818,0,48.7,Monsoon
8/26/2022,23.78333333,34,7.091666667,-5.222992507,-4.005597392,29.74166667,76.70833333,483.3333333,0.4,0.319170428,19.41340836,0,13.18333333,Monsoon
8/27/2022,21.62916667,26.5,12.32916667,-0.994340482,-11.65686816,28.97083333,80.875,576.875,1.2,0.318820068,20.02799596,0,8.670833333,Monsoon
8/28/2022,18.32083333,30,12.41666667,2.468901874,-11.77856461,28.17083333,83.29166667,618.75,8.1,0.259702743,21.62203927,0,14.72083333,Monsoon
8/29/2022,18.15,28.8,8.191666667,0.02740105,-7.822193679,29.24166667,78.45833333,467.7083333,0.6,0.206340599,16.24422849,0,20.20416667,Monsoon
8/30/2022,20.1125,38,7.720833333,-2.909253088,-6.314562432,30.075,73.79166667,520.4166667,0,0.209162374,14.07768344,0,18.0375,Monsoon
8/31/2022,17.75,32.2,9.425,-3.641728929,-8.279189751,30.225,74.41666667,558.3333333,0,0.190355244,8.01555399,0,10.94166667,Monsoon
9/1/2022,16.375,29.5,9.020833333,-3.260855117,-8.018160725,29.6125,78.5,570.8333333,1.9,0.197301287,6.39789115,0,22.00416667,Monsoon
9/2/2022,26.15416667,52.2,9.070833333,-1.529042332,-7.707997268,29.0375,80.95833333,488.9583333,6.3,0.271718434,13.74572666,0,23.78333333,Monsoon
9/3/2022,22.9375,46.8,11.1875,-4.085382085,-9.698591826,28.9375,83.41666667,503.125,9,0.414163491,14.69559508,0,21.62916667,Monsoon
9/4/2022,22.08333333,25.3,8.516666667,0.047629705,-7.813198766,27.69166667,87.41666667,423.5416667,47,0.423454458,18.9339197,0,18.32083333,Monsoon
9/5/2022,15.95833333,22.9,10.60833333,2.529109134,-10.08417632,27.81666667,87.08333333,446.0416667,6.9,0.323044289,13.84408342,0,18.15,Monsoon
9/6/2022,18.7375,39.6,6.979166667,3.054702495,-5.221529415,28.375,84.75,343.75,4,0.43207881,20.5204812,0,20.1125,Monsoon
9/7/2022,24.01666667,42,5.9375,5.30970722,-1.798598938,29.76666667,80.125,363.3333333,0.2,0.206802199,17.46276198,0,17.75,Monsoon
9/8/2022,34.425,75.7,4.6625,1.832960224,1.077158393,30.22083333,80.875,423.9583333,0.5,0.242334085,17.02788415,0,16.375,Monsoon
9/9/2022,31.73333333,45.3,7.004166667,1.573605675,-2.029887548,29.66666667,82.66666667,409.5833333,5.8,0.36411902,21.70369106,0,26.15416667,Monsoon
9/10/2022,18.54166667,27.9,9.608333333,6.39125115,-5.039534687,28.20416667,84.20833333,547.2916667,18.1,0.183862699,11.11740238,0,22.9375,Monsoon
9/11/2022,10.55416667,13.5,15.40416667,11.00147999,-10.06849452,26.11666667,90.58333333,614.7916667,21.4,0.147096149,15.29130522,0,22.08333333,Monsoon
9/12/2022,9.3875,14.5,15.1375,10.47786133,-10.68389874,25.225,92.875,467.7083333,25.5,0.158180901,16.75689591,0,15.95833333,Monsoon
9/13/2022,10.46666667,16.2,13.9625,8.460147942,-10.65543481,25.00416667,94.20833333,417.5,52.6,0.183716625,20.00664425,0,18.7375,Monsoon
9/14/2022,10.81666667,15.1,12.25416667,4.526441851,-10.79256138,24.88333333,94.75,354.5833333,43.8,0.152532293,13.4712189,0,24.01666667,Monsoon
9/15/2022,18.45416667,27,10.225,-1.572537441,-9.628542666,26.82916667,86.45833333,387.2916667,6.9,0.214695438,14.20170074,0,34.425,Monsoon
9/16/2022,32.79583333,42.6,7.245833333,0.536351567,-6.802616317,26.875,89.125,362.7083333,17,0.200217855,16.76496255,0,31.73333333,Monsoon
9/17/2022,29.375,48.9,6.870833333,1.086598823,-6.079363441,28.14166667,85.16666667,407.7083333,13.4,0.16426169,13.87458238,0,18.54166667,Monsoon
9/18/2022,27.57916667,35.5,5.108333333,2.282248673,-2.801681857,28.4125,86.45833333,223.75,3.6,0.181782374,18.83375438,0,10.55416667,Monsoon
9/19/2022,16.3,28.5,11.7875,9.157834017,-5.821909376,27.95,84.25,525.4166667,16.4,0.100450726,11.55153877,0,9.3875,Monsoon
9/20/2022,10.7375,13.7,18.65,12.10780874,-13.35735139,28.18333333,80.66666667,758.3333333,2.7,0.144230699,14.91879501,0,10.46666667,Monsoon
9/21/2022,12.95833333,17.1,14.40833333,6.825492149,-12.28666434,28.1,81.79166667,627.5,2,0.171014771,16.0801187,0,10.81666667,Monsoon
9/22/2022,20.35416667,28.5,10.62083333,3.205876153,-9.413091605,28.17916667,83,508.125,3.9,0.226690369,25.97524692,0,18.45416667,Monsoon
9/23/2022,24.275,35.5,8.291666667,1.293542575,-7.890027571,28.2875,82.95833333,395.625,1.6,0.197962812,18.9195573,0,32.79583333,Monsoon
9/24/2022,27.6875,46.1,6.966666667,0.537549078,-6.306734103,28.57916667,80.04166667,457.9166667,0,0.263496969,23.3543073,0,29.375,Monsoon
9/25/2022,36.2375,80.1,4.641666667,2.701858872,-1.140911973,28.025,84.08333333,364.1666667,1,0.272412504,21.7018091,0,27.57916667,Monsoon
9/26/2022,54.88333333,88.5,3.320833333,0.076743153,-0.765183425,27.79166667,86.66666667,313.9583333,12.4,0.294782663,22.15901156,0,16.3,Monsoon
9/27/2022,51.40416667,97.8,3.708333333,0.317173112,-2.050368219,27.77916667,85.41666667,300.2083333,7.2,0.423328284,26.49179289,0,10.7375,Monsoon
9/28/2022,67.44166667,104.3,4.145833333,1.052310799,-1.167897292,27.8625,87.04166667,323.125,11.5,0.347182937,22.0197699,0,12.95833333,Monsoon
9/29/2022,46.51666667,76.4,5.420833333,0.748857718,4.439865416,29.08333333,82.75,405.2083333,3.1,0.384363671,37.04379947,0,20.35416667,Monsoon
9/30/2022,46.10416667,68,6.7125,-3.074733688,5.504854966,29.775,78.33333333,389.5833333,0,0.334945302,34.1776361,0,24.275,Monsoon
10/1/2022,64.275,108,5.591666667,0.400937139,0.064448268,29.45833333,82.25,314.7916667,7,0.360521499,36.18684966,0,27.6875,Post_Monsoon
10/2/2022,62.50833333,117.6,7.479166667,4.630132734,-4.860511934,27.14583333,87.16666667,270.2083333,24.2,0.273070999,24.94681741,0,36.2375,Post_Monsoon
10/3/2022,14.825,20,12.1125,9.781979306,-6.013094729,25.85416667,91.33333333,382.0833333,37.5,0.132369338,16.68091787,0,54.88333333,Post_Monsoon
10/4/2022,20.45833333,29.1,7.358333333,4.102038962,-4.061620191,27.5,84.08333333,378.125,11.2,0.135767488,13.8454228,0,51.40416667,Post_Monsoon
10/5/2022,22.77083333,36.2,7.054166667,5.34116058,-2.16468355,27.90416667,81.29166667,336.875,2.3,0.115220881,13.31950626,0,67.44166667,Post_Monsoon
10/6/2022,21.3125,26.1,8.25,1.747548224,-7.518961689,27.50416667,85.125,374.1666667,4.1,0.105232046,10.05296713,0,46.51666667,Post_Monsoon
10/7/2022,37.25,89.4,3.658333333,-0.514977731,-0.301743729,28.59166667,79,375.4166667,0,0.088932613,8.311491034,0,46.10416667,Post_Monsoon
10/8/2022,59.99166667,114.8,4.433333333,-2.446126474,-2.183088827,28.8125,79.375,326.4583333,4.5,0.198123686,20.33787093,0,64.275,Post_Monsoon
10/9/2022,39.1625,61.2,5.620833333,1.304331809,-2.639595481,28.10416667,84.45833333,346.25,3.3,0.184460782,15.34037923,0,62.50833333,Post_Monsoon
10/10/2022,26.72083333,41.8,7.195833333,0.606969638,-4.669232396,27.63333333,83.91666667,400.4166667,5.8,0.12303865,9.191900323,0,14.825,Post_Monsoon
10/11/2022,19.2625,28.4,8.995833333,-3.189922743,-8.191328212,27.7625,83.125,514.7916667,5.5,0.128227064,11.46907181,0,20.45833333,Post_Monsoon
10/12/2022,20.32083333,30.2,5.979166667,0.076600766,-4.362928639,26.37083333,88.95833333,391.6666667,9.8,0.107303439,9.842655722,0,22.77083333,Post_Monsoon
10/13/2022,30.1375,56.1,5.2125,0.12355228,-0.540154955,26.44583333,87.29166667,324.5833333,5.7,0.130009031,10.06505423,0,21.3125,Post_Monsoon
10/14/2022,43.6625,89.4,3.658333333,-0.706536386,1.348445551,27.30416667,85.45833333,376.875,3.8,0.325715958,22.53371495,0,37.25,Post_Monsoon
10/15/2022,57.23333333,95.5,7.15,0.437406378,6.852107004,27.89583333,77.04166667,429.1666667,0,0.34351712,30.55532628,0,59.99166667,Post_Monsoon
10/16/2022,43.8125,54.1,9.9875,-2.801203376,9.414714585,27.17916667,72.25,331.6666667,0,0.248393546,29.43453113,0,39.1625,Post_Monsoon
10/17/2022,47.75416667,67.8,5.7875,-4.007103599,2.994049037,27.00416667,77.58333333,332.2916667,0,0.324770499,31.89362223,0,26.72083333,Post_Monsoon
10/18/2022,56.04166667,95.2,5.05,2.257734452,1.483652252,27.20416667,81.66666667,315.8333333,3.8,0.389103503,36.04072484,0,19.2625,Post_Monsoon
10/19/2022,48.26666667,70.8,7.708333333,1.532851668,7.247580697,27.16666667,75.04166667,400.4166667,0,0.3811851,34.96408423,0,20.32083333,Post_Monsoon
10/20/2022,53.04166667,75.9,8.791666667,-0.388241019,8.560769386,26.8625,70.08333333,396.6666667,0.1,0.28873887,30.40225023,0,30.1375,Post_Monsoon
10/21/2022,37.41666667,45.6,8.7125,-0.527742567,8.194835156,26.89583333,72.58333333,372.7083333,0,0.236367285,26.33249033,0,43.6625,Post_Monsoon
10/22/2022,33.82083333,40.7,9.108333333,1.893123856,8.211343535,27.46666667,73.25,330.8333333,0,0.153271044,18.03674095,0,57.23333333,Post_Monsoon
10/23/2022,43.44166667,63.8,6.666666667,3.400710011,3.685467916,26.4375,82,181.875,4.4,0.114784546,16.51326124,0,43.8125,Post_Monsoon
10/24/2022,20.325,53.1,21.65416667,13.79103421,15.62044265,23.39583333,91.58333333,593.3333333,130.7,0.113232692,8.37260115,0,47.75416667,Post_Monsoon
10/25/2022,20.85833333,59.8,12.41666667,-7.338460824,-5.050330475,23.62083333,81.625,586.0416667,6.3,0.165357092,12.59814318,0,56.04166667,Post_Monsoon
10/26/2022,58.75,113.6,5.458333333,2.115975535,-0.916705892,24.4625,79.04166667,319.1666667,0,0.310985518,27.55978215,0,48.26666667,Post_Monsoon
10/27/2022,90.4875,132.7,6.520833333,1.595165367,5.504962119,24.87916667,77.625,358.3333333,0.1,0.397188356,36.90492934,0,53.04166667,Post_Monsoon
10/28/2022,68.30833333,86.4,7.3,-2.420306263,6.698093122,23.87916667,75,384.5833333,0,0.311513835,42.57246175,0,37.41666667,Post_Monsoon
10/29/2022,62.80416667,105.7,5.916666667,-2.195886265,3.988256975,24.49583333,76.16666667,338.75,0,0.21776371,30.68769408,0,33.82083333,Post_Monsoon
10/30/2022,65.37083333,100.1,5.604166667,-2.077887198,3.253312556,25.55833333,74.70833333,358.125,0,0.268166411,27.19850913,0,43.44166667,Post_Monsoon
10/31/2022,64.87083333,86.1,5.591666667,-0.830866453,5.013262674,26.50833333,78.875,350.8333333,0,0.250265179,25.0856182,0,20.325,Post_Monsoon
11/1/2022,52.11666667,73.1,6.925,-1.814142736,5.822564935,26.88333333,75.41666667,323.125,0,0.188796375,22.35232834,0,20.85833333,Post_Monsoon
11/2/2022,44.9375,59.5,7.1125,-4.510544764,5.128519792,26.19583333,69.83333333,387.2916667,0,0.291844369,25.55502051,0,58.75,Post_Monsoon
11/3/2022,63.625,82.4,6.504166667,-4.971172749,3.944541543,24.8125,72.29166667,401.25,0,0.384960812,36.96956953,0,90.4875,Post_Monsoon
11/4/2022,70.11666667,106.6,5.2875,-2.247600841,3.433762806,23.97916667,72.33333333,409.1666667,0,0.355617847,39.86409568,0,68.30833333,Post_Monsoon
11/5/2022,78.625,129.5,6.608333333,1.230547209,2.199279023,24.67916667,73.125,309.375,0,0.335952148,40.32463136,0,62.80416667,Post_Monsoon
11/6/2022,102.0625,154.1,5.870833333,-2.23724447,-0.925617194,24.775,76.95833333,326.0416667,0.1,0.293054926,37.57201748,0,65.37083333,Post_Monsoon
11/7/2022,114.1666667,176,5.2125,-3.536282346,-0.533265973,24.9875,67.75,387.5,0,0.310822201,35.93108092,0,64.87083333,Post_Monsoon
11/8/2022,100.9541667,149.9,4.229166667,0.299004395,2.86983587,24.85,67.79166667,370.8333333,0,0.353418678,37.74902504,0,52.11666667,Post_Monsoon
11/9/2022,80.7875,152.3,7.241666667,2.882321497,6.185246435,24.60833333,68.95833333,447.2916667,0,0.247301588,25.43090523,0,44.9375,Post_Monsoon
11/10/2022,73.22916667,114.1,7.029166667,2.543343235,6.013123835,23.84583333,68.29166667,504.1666667,0,0.186104508,18.08349621,0,63.625,Post_Monsoon
11/11/2022,77.05833333,124.3,6.479166667,-1.531936068,4.936480532,23.20833333,69.125,433.5416667,0,0.212140488,18.53550475,0,70.11666667,Post_Monsoon
11/12/2022,70.66666667,137.4,6.9625,-1.980237754,6.376729525,23.37916667,72.45833333,434.1666667,0,0.267395247,24.30209423,0,78.625,Post_Monsoon
11/13/2022,114.5791667,167.6,7.4125,-3.128603017,6.59826258,22.74583333,72.04166667,408.5416667,0,0.689149514,77.52435884,0,102.0625,Post_Monsoon
11/14/2022,85.225,99.9,7.625,-3.698785723,6.279447598,22.15833333,72.04166667,386.6666667,0,0.360392087,55.20944936,0,114.1666667,Post_Monsoon
11/15/2022,64.6125,84.8,6.758333333,-3.457610548,5.498202347,22.28333333,74.54166667,371.6666667,0,0.225671294,31.86214723,0,100.9541667,Post_Monsoon
11/16/2022,57.10833333,84.8,6.858333333,-2.788021705,5.997656551,22.6,75.29166667,342.0833333,0,0.270535532,30.59881723,0,80.7875,Post_Monsoon
11/17/2022,69.6625,102,7.870833333,-2.126701716,7.170918545,22.09166667,70.70833333,333.5416667,0,0.337297299,37.96751293,0,73.22916667,Post_Monsoon
11/18/2022,62.89166667,81,8.758333333,-2.936945408,8.044347843,22.07916667,68.58333333,418.3333333,0,0.361861424,41.67705496,0,77.05833333,Post_Monsoon
11/19/2022,41.36666667,66.1,7.954166667,-2.908492532,7.236927587,21.725,74.41666667,270.625,0,0.131457118,27.79788848,0,70.66666667,Post_Monsoon
11/20/2022,44.37916667,64.7,7.075,-3.485306941,5.662468715,23.1125,71,246.6666667,0,0.142911471,25.6408602,0,114.5791667,Post_Monsoon
11/21/2022,52.825,77.1,8.433333333,-5.401885583,6.224792054,22.675,67.875,304.375,0,0.190347483,37.96505966,0,85.225,Post_Monsoon
11/22/2022,70.575,98,8.708333333,-5.937176027,6.006742328,21.1,71.375,345.8333333,0,0.33164786,64.126538,0,64.6125,Post_Monsoon
11/23/2022,79.1625,107.6,8.275,-5.167899507,6.083073987,21.51666667,70.125,369.5833333,0,0.360047992,58.32531186,0,57.10833333,Post_Monsoon
11/24/2022,70.4125,100.4,8.1375,-4.652437116,6.486174984,21.425,70.83333333,342.2916667,0,0.378877158,66.16719548,0,69.6625,Post_Monsoon
11/25/2022,40.67916667,56,7.283333333,-3.982138398,5.665465353,21.96666667,74.83333333,307.2916667,0,0.181832086,32.97745103,0,62.89166667,Post_Monsoon
11/26/2022,65.00833333,117.6,6.366666667,-3.674261942,3.823351415,21.81666667,73.875,316.6666667,0,0.150504509,24.24401956,0,41.36666667,Post_Monsoon
11/27/2022,79.25833333,119.7,7.183333333,-4.073995032,4.241013492,21.44166667,71.75,323.75,0,0.198014657,29.41057033,0,44.37916667,Post_Monsoon
11/28/2022,72.23333333,94.8,7.004166667,-3.620584247,4.888260189,21.8625,68.91666667,298.125,0,0.245860995,33.05386706,0,52.825,Post_Monsoon
11/29/2022,79.87916667,116.9,5.729166667,-3.13579789,2.869908096,24.13333333,63.45833333,231.6666667,0,0.290460434,39.7394911,0,70.575,Post_Monsoon
11/30/2022,76.27083333,88.5,6.408333333,-4.013217434,3.561576842,24.3625,63.70833333,286.875,0,0.379211045,57.98545552,0,79.1625,Post_Monsoon
12/1/2022,39.55833333,56,8.166666667,-5.927029396,5.330159413,22.34166667,69.5,354.7916667,0,0.276151813,47.07520598,0,70.4125,Winter
12/2/2022,44.875,57,8.170833333,-5.3917569,5.970380248,21.58333333,70.125,342.9166667,0,0.250124584,40.06966828,0,40.67916667,Winter
12/3/2022,48.61666667,69.8,8.104166667,-5.407737445,5.465611712,20.72916667,69.29166667,336.25,0,0.291132371,45.54072948,0,65.00833333,Winter
12/4/2022,45.54583333,55.6,7.470833333,-4.769697627,5.542972383,20.89583333,73.33333333,341.875,0,0.360679636,57.16867366,0,79.25833333,Winter
12/5/2022,48.71666667,61.2,7.033333333,-5.030106254,3.888212808,21.05833333,73.125,320.8333333,0,0.252025404,42.48481703,0,72.23333333,Winter
12/6/2022,48.22083333,58.7,7.675,-5.312557645,5.138091287,20.9875,72.20833333,352.5,0,0.295019939,47.82146326,0,79.87916667,Winter
12/7/2022,62.72916667,91.3,8.291666667,-5.147212481,6.167378057,20.75833333,69.70833333,381.875,0,0.514929134,70.92601585,0,76.27083333,Winter
12/8/2022,64.3875,78.2,7.241666667,-3.435572129,5.727295647,20.825,70.75,355.2083333,0,0.329243458,51.60890916,0,39.55833333,Winter
12/9/2022,74.3625,113.4,6.95,-4.060482185,4.536057382,20.15416667,71.79166667,312.0833333,0,0.344939313,45.90264628,0,44.875,Winter
12/10/2022,75.125,107.1,7.191666667,-4.025160385,5.049057957,20.10833333,72.04166667,330,0,0.267587278,40.60415708,0,48.61666667,Winter
12/11/2022,52.9625,79.4,7.466666667,-4.519620725,5.345076755,20.78333333,71.625,326.875,0,0.33942422,53.54198778,0,45.54583333,Winter
12/12/2022,100.0333333,148.5,7.533333333,-3.66658562,4.950068984,20.13333333,72.95833333,352.5,0,0.835702943,127.8379641,0,48.71666667,Winter
12/13/2022,88.81666667,147.6,6.870833333,-1.609521513,5.182785769,20.94166667,71.75,330.8333333,0,1.085024913,135.7277544,0,48.22083333,Winter
12/14/2022,0.7125,0.8,5.625,-1.459993216,2.330235523,20.84583333,73.95833333,348.9583333,0,1.333485673,155.5376502,0,62.72916667,Winter
12/15/2022,0.65,0.9,7.079166667,-4.186341833,2.855847437,19.32916667,73.04166667,367.0833333,0,0.878487734,131.4443129,0,64.3875,Winter
12/16/2022,59.6625,96.9,6.929166667,-4.652439036,3.943522942,19.19583333,70.75,408.3333333,0,0.843382932,137.1172725,0,74.3625,Winter
12/17/2022,100.85,156.9,6.216666667,-3.515226873,4.699858039,19.9,73.54166667,356.4583333,0,0.801000833,115.4424872,0,75.125,Winter
12/18/2022,112.9166667,185.3,6.4625,-3.625590886,2.786360325,18.94166667,79.625,300.8333333,0,0.421498412,47.24159119,0,52.9625,Winter
12/19/2022,84.02083333,121.5,5.141666667,-4.60800762,0.594483159,18.70416667,76.04166667,295.625,0,0.507063754,56.1810851,0,100.0333333,Winter
12/20/2022,98.62083333,154.6,6.529166667,-3.111181968,4.194076709,19.5125,75.16666667,366.25,0,0.598136511,66.59367802,0,88.81666667,Winter
12/21/2022,109.025,157.4,6.883333333,-2.93491046,5.805167456,19.8625,74.5,363.3333333,0,0.696584066,82.15459349,0,0.7125,Winter
12/22/2022,97.70416667,143.9,7.758333333,-5.830181272,4.343898933,19.71666667,76.70833333,388.9583333,0,0.812080393,111.8204104,0,0.65,Winter
12/23/2022,108.1458333,142.5,7.6,-4.649096031,5.311868521,18.85416667,72.5,367.9166667,0,0.558744188,111.1007026,0,59.6625,Winter
12/24/2022,76.95,118.5,7.441666667,-4.766899118,3.259942325,18.17916667,72.16666667,328.9583333,0,0.428914982,62.44798313,0,100.85,Winter
12/25/2022,106.6458333,125.3,5.645833333,2.644279052,-3.630370655,20.05833333,68.95833333,235.8333333,0,1.035209862,82.88342383,0,112.9166667,Winter
12/26/2022,101.1166667,136.4,5.425,1.11060811,-2.053454542,21.15416667,75.5,253.9583333,1.1,1.158233111,76.37768933,0,84.02083333,Winter
12/27/2022,110.8375,140.6,6.508333333,-0.946899557,-2.730093062,20.15,86.95833333,260.4166667,8.2,1.38295718,65.78703559,0,98.62083333,Winter
12/28/2022,114.9291667,181.1,6.433333333,0.621700599,1.884811022,19.01666667,85.20833333,269.1666667,0.1,1.168199415,69.84139014,0,109.025,Winter
12/29/2022,133.4291667,168.1,7.325,-2.204786754,4.928929694,16.76666667,72.95833333,350.8333333,0,0.61246092,75.81247142,0,97.70416667,Winter
12/30/2022,161.6041667,225.8,5.879166667,-2.524692407,3.887930063,17.12916667,73.66666667,344.1666667,0,0.963596168,94.21928645,0,108.1458333,Winter
12/31/2022,184.6333333,231,3.741666667,0.210623568,0.762193182,17.525,76.5,292.7083333,0,0.993307166,84.1975433,0,76.95,Winter
1/1/2023,137.1416667,174.6,6.741666667,3.31618681,5.170407024,17.325,78.5,289.375,0,0.958056815,85.42587028,0,106.6458333,Winter
1/2/2023,111.1833333,147.1,7.2875,-1.079859799,6.768071921,17.55833333,75.08333333,336.4583333,0,0.526720747,53.91034088,0,101.1166667,Winter
1/3/2023,84.12083333,132.7,8.208333333,-3.560606669,7.093618151,17.28333333,78.41666667,309.5833333,0,0.487211662,58.21354432,0,110.8375,Winter
1/4/2023,61.0375,72.9,9.0375,-4.080778306,7.92734598,17.31666667,80.83333333,361.6666667,0,0.607357745,73.92422794,0,114.9291667,Winter
1/5/2023,58.79166667,69.6,10.5625,-6.179946,8.429027095,16.675,82.75,362.0833333,0,0.450515136,59.10400758,0,133.4291667,Winter
1/6/2023,51.7375,62.6,10,-7.168035137,6.899524605,16.3375,83.54166667,339.1666667,0,0.431584015,49.98765844,0,161.6041667,Winter
1/7/2023,55.5625,68.5,7.8875,-5.020063063,5.95288296,16.29583333,85.16666667,266.6666667,0,0.489226744,55.62930428,0,184.6333333,Winter
1/8/2023,55.75,66.4,7.8,-2.859799055,6.902056133,17.69166667,85.20833333,241.6666667,0,0.381829026,59.59557108,0,137.1416667,Winter
1/9/2023,56.49583333,72.9,8.116666667,-4.194295408,6.841125246,18.325,83.5,235.2083333,0,0.3134864,52.88171411,0,111.1833333,Winter
1/10/2023,59.35416667,75.4,8.454166667,-5.497149187,5.60196325,18.08333333,81.375,234.5833333,0,0.323951197,50.76137179,0,84.12083333,Winter
1/11/2023,82.79166667,109.7,7.558333333,-5.589352785,4.327715158,16.72083333,76.25,265,0,0.544370532,88.85122361,0,61.0375,Winter
1/12/2023,108.5916667,157.4,6.875,-5.844034018,1.137387044,15.15,77.16666667,278.3333333,0,0.630671513,118.2200013,0,58.79166667,Winter
1/13/2023,135.4458333,188.1,6.216666667,2.629015543,-0.856858198,16.7875,77.08333333,261.875,0,0.841736342,121.0893785,0,51.7375,Winter
1/14/2023,114.4041667,167.6,6.65,0.308307562,-5.429138718,19.24166667,83.83333333,271.25,0.6,1.056264338,116.0972169,0,55.5625,Winter
1/15/2023,129.5166667,193.2,7.183333333,-1.84901802,3.386170687,19.47083333,74.58333333,404.1666667,0,0.863263946,92.54333118,0,55.75,Winter
1/16/2023,94.425,122.9,6.95,-0.037146665,5.419313959,18.19583333,73,353.3333333,0,0.811897881,78.04775241,0,56.49583333,Winter
1/17/2023,100.8208333,140.2,7.229166667,-0.889854987,5.889081462,17.12916667,74.375,391.25,0,0.726047336,77.0659852,0,59.35416667,Winter
1/18/2023,120.6583333,175.6,6.866666667,0.337296871,5.107517264,16.5625,71.54166667,343.75,0,0.924004058,91.55652894,0,82.79166667,Winter
1/19/2023,117.8875,161.1,8.470833333,-2.624522852,6.752402181,15.75,69.66666667,343.125,0,0.691094192,100.4786587,0,108.5916667,Winter
1/20/2023,123.5083333,148.5,8.316666667,-4.030322537,6.644601253,15.725,74.125,292.7083333,0,0.714298343,129.7710298,0,135.4458333,Winter
1/21/2023,128.8583333,207.2,7.645833333,-4.198820992,5.497615015,16.77916667,70.91666667,254.1666667,0,0.74899136,130.6795698,0,114.4041667,Winter
1/22/2023,160.2,231,5.566666667,1.387049188,2.898745763,18.32083333,72.91666667,261.25,0,0.73275405,99.17251699,0,129.5166667,Winter
1/23/2023,196.3958333,261.7,6,2.223794664,1.826195113,19.73333333,76,313.3333333,0,0.674733888,80.19192686,0,94.425,Winter
1/24/2023,171.775,252.4,6.4375,1.250080185,4.207580622,20.2,75.5,309.375,0,0.641058722,80.96749598,0,100.8208333,Winter
1/25/2023,155.625,246.8,6.183333333,-0.112539238,3.819993967,20.4625,75.83333333,296.4583333,0,0.742158932,85.30915634,0,120.6583333,Winter
1/26/2023,205.1,282.2,5.745833333,0.628167751,2.358101203,21.125,77.91666667,361.25,0,0.834433037,95.41389073,0,117.8875,Winter
1/27/2023,169.5833333,290.6,6.520833333,-4.131629245,3.852318396,20.9375,77.04166667,378.9583333,0,0.74838999,75.3408897,0,123.5083333,Winter
1/28/2023,83.675,110.6,7.966666667,-4.589783729,5.937371491,20.82083333,78.91666667,345.4166667,0,0.658663717,80.7383129,0,128.8583333,Winter
1/29/2023,79.07083333,109.4,7.4375,-3.744637273,5.995958907,19.80416667,78.66666667,349.375,0,0.534666295,84.88153347,0,160.2,Winter
1/30/2023,109.6291667,144.8,6.225,-3.507711866,2.411330834,19.29166667,80.375,258.5416667,0,0.551330528,87.99756884,0,196.3958333,Winter
1/31/2023,103.4666667,134.6,5.841666667,-4.493985989,2.215711281,20.3875,76.875,328.3333333,0,0.77777498,87.34142146,0,171.775,Winter
2/1/2023,86.44166667,110.8,7.958333333,-5.72273835,5.074905075,20.925,73.375,256.0416667,0,0.592803236,89.80360781,0,155.625,Winter
2/2/2023,49.2,61.9,9.95,-5.680060584,7.953745837,18.7375,67.5,387.9166667,0,0.277808538,54.31051594,0,205.1,Winter
2/3/2023,63.30833333,76.6,8.291666667,-6.628766926,4.553768342,18.61666667,74.45833333,352.7083333,0,0.565032015,91.88878351,0,169.5833333,Winter
2/4/2023,83.02083333,105.5,7.620833333,-6.389335166,2.641268443,18.6375,75.04166667,385.625,0,0.772729824,112.4748075,0,83.675,Winter
2/5/2023,103.4416667,137.4,8.216666667,-6.803612331,3.107123772,18.56666667,75.83333333,407.2916667,0,0.71835617,110.4528461,0,79.07083333,Winter
2/6/2023,96.625,166.2,6.370833333,-2.672800228,2.161817085,19.87083333,65.83333333,433.9583333,0,0.62098203,80.64678775,0,109.6291667,Winter
2/7/2023,72.06666667,103.8,8.729166667,-2.05092692,-4.946309863,20.93333333,66.625,397.0833333,0,0.48957795,63.23343847,0,103.4666667,Winter
2/8/2023,44.43333333,83.4,7.083333333,0.793305914,-4.560819269,21.75416667,79.625,390,0.7,0.726981845,55.47497575,0,86.44166667,Winter
2/9/2023,70.9375,138.8,4.529166667,0.772168867,-1.266428472,22.09166667,79.375,296.4583333,1.4,0.754820568,57.46368332,0,49.2,Winter
2/10/2023,86.64166667,137.4,7.970833333,-6.403914329,2.832169007,21.23333333,64.33333333,407.9166667,0,0.511210692,59.66049915,0,63.30833333,Winter
2/11/2023,95.55833333,126.2,7.133333333,1.404693539,-4.725343943,22.125,65,353.5416667,0,0.508227783,63.10193882,0,83.02083333,Winter
2/12/2023,57.57916667,103.8,7.704166667,-5.124510631,-3.749244693,23.3875,72.91666667,450.625,0,0.529508897,64.32033892,0,103.4416667,Winter
2/13/2023,38.47083333,95.7,10.22916667,-8.088546425,3.836561327,20.73333333,41.08333333,573.9583333,0,0.26227663,48.55846611,0,96.625,Winter
2/14/2023,47.225,80.3,8.141666667,-4.160413178,5.287063071,18.76666667,47.375,430.8333333,0,0.353461315,52.49682217,0,72.06666667,Winter
2/15/2023,69.075,113.9,6.695833333,-4.126161464,2.204404384,19.15,55.54166667,466.6666667,0,0.617924376,84.67609925,0,44.43333333,Winter
2/16/2023,100.9625,136,6.354166667,-0.351515911,1.84829059,20.3375,57.25,498.125,0,0.715205279,86.41816894,0,70.9375,Winter
2/17/2023,96.22916667,127.1,5.8625,2.212601518,1.173270575,21.54583333,58.33333333,456.25,0,0.782620107,82.45071975,0,86.64166667,Winter
2/18/2023,99.50833333,138.8,4.891666667,-0.112261315,-2.614449861,23.05416667,65.29166667,359.7916667,0.3,1.19169659,100.0163691,0,95.55833333,Winter
2/19/2023,93.6375,148.1,5.533333333,-3.017020648,-0.96732494,22.95416667,75.33333333,334.375,0.1,1.309281398,107.3239771,0,57.57916667,Winter
2/20/2023,106.925,144.8,6.025,-1.789639427,-3.607911123,23.1875,73,372.2916667,0,1.541499992,112.2313544,0,38.47083333,Winter
2/21/2023,64.87083333,130.4,8.8125,-2.130041303,-7.79720915,24.05416667,76.58333333,368.3333333,0.2,1.145198688,85.71327622,0,47.225,Winter
2/22/2023,40.69166667,47.4,15.2,-2.292639889,-14.75052396,25.33333333,73.25,602.5,0,0.72595796,61.04697258,0,69.075,Winter
2/23/2023,41.02083333,61.9,10.42916667,-3.217394836,-9.253859621,25.1875,72,604.375,0,0.526436433,42.48064806,0,100.9625,Winter
2/24/2023,45.95,84.8,8.1375,-1.550746174,-3.080058183,24.87083333,76.91666667,424.1666667,0.3,0.784867659,61.5236163,0,96.22916667,Winter
2/25/2023,70.22083333,114.3,6.070833333,-0.170164541,4.094271554,23.87083333,66.70833333,518.9583333,0,0.72385098,57.12923566,0,99.50833333,Winter
2/26/2023,68.29166667,105.2,6.95,1.329567011,2.889116127,23.45,50.75,544.7916667,0,0.484157487,44.47188256,0,93.6375,Winter
2/27/2023,72.57083333,95,8.754166667,1.013953693,-2.380816837,24.05416667,58.04166667,474.1666667,0,0.548581306,54.49603785,0,106.925,Winter
2/28/2023,77.15833333,113.4,7.066666667,-0.686252306,3.411464808,23.65416667,57.83333333,511.4583333,0,0.537993866,62.80872685,0,64.87083333,Winter
3/1/2023,76.54166667,126.7,6.570833333,2.437894709,0.651927735,23.9375,54.79166667,588.75,0,0.544590149,65.45431068,0,40.69166667,Pre_Monsoon
3/2/2023,86.05416667,128.5,5.570833333,0.894833328,0.354156016,24.73333333,58.45833333,509.7916667,0,0.64898032,76.49617764,0,41.02083333,Pre_Monsoon
3/3/2023,89.75416667,134.6,8.316666667,-0.326955765,3.588364846,24.4625,58.75,576.25,0,0.534854773,65.48250091,0,45.95,Pre_Monsoon
3/4/2023,86.58333333,114.8,5.966666667,1.742459763,0.87711195,25.3375,56.375,578.125,0,0.560640693,64.33288945,0,70.22083333,Pre_Monsoon
3/5/2023,87.03333333,115,6.5875,-0.140730005,0.068911881,25.425,57.91666667,544.7916667,0,0.489839743,57.07338192,0,68.29166667,Pre_Monsoon
3/6/2023,60.0375,100.4,6.8375,-4.590895249,-0.113960927,25.67916667,56.125,490.8333333,0,0.381896343,48.23306018,0,72.57083333,Pre_Monsoon
3/7/2023,62.275,106.6,5.783333333,-0.848352119,2.348105157,26.075,47.04166667,504.7916667,0,0.28723775,38.26154245,0,77.15833333,Pre_Monsoon
3/8/2023,42.55,52.7,7.5375,0.0599189,5.50004802,24.46666667,48.91666667,449.5833333,0,0.476657011,39.42376066,0,76.54166667,Pre_Monsoon
3/9/2023,57.8125,88.9,9.570833333,-3.226903317,8.643515789,25.27083333,51.20833333,495.4166667,0,0.669120418,61.82442822,0,86.05416667,Pre_Monsoon
3/10/2023,76.975,144.8,7.729166667,-1.558313875,4.634960532,25.49166667,54.54166667,411.875,0,0.585968194,51.32234235,0,89.75416667,Pre_Monsoon
3/11/2023,102.8583333,165.8,6.295833333,-2.332493151,3.077336303,24.975,61.75,372.7083333,0.1,0.703783604,60.07885978,0,86.58333333,Pre_Monsoon
3/12/2023,60.35833333,73.1,9.920833333,-1.934055062,9.168682192,25.99583333,47.79166667,522.0833333,0,0.694019524,53.82107201,0,87.03333333,Pre_Monsoon
3/13/2023,55.7875,80.6,8.733333333,-2.651023439,7.381251514,26.32083333,47.375,538.5416667,0,0.513869769,50.05939137,0,60.0375,Pre_Monsoon
3/14/2023,81.825,119.2,9.091666667,-2.114139139,-2.162778916,25.95,58.25,443.125,0,1.180308802,69.01528424,0,62.275,Pre_Monsoon
3/15/2023,65.90416667,90.1,10.45,1.12491621,-7.439340393,24.59166667,71.79166667,382.5,1.9,1.23072098,79.02836811,0,42.55,Pre_Monsoon
3/16/2023,66.79583333,90.1,7.441666667,3.218243212,0.066037776,23.08333333,83.54166667,352.5,10.4,1.794060431,78.54036403,0,57.8125,Pre_Monsoon
3/17/2023,83.04583333,97.3,7.995833333,4.78974039,5.216069152,24.34166667,72.95833333,350,1.1,1.301049923,67.61313558,0,76.975,Pre_Monsoon
3/18/2023,83.78333333,103.6,6.604166667,-0.101765454,2.887700445,23.725,72.33333333,384.1666667,0,1.195056545,57.78289474,0,102.8583333,Pre_Monsoon
3/19/2023,61.95416667,141.6,6.133333333,0.476973399,-0.641235126,22.19166667,85.04166667,224.375,5.3,0.961990048,48.1611629,0,60.35833333,Pre_Monsoon
3/20/2023,22.41666667,32.1,8.541666667,2.25701933,-3.921041098,21.89166667,84.875,453.5416667,41.6,0.256831398,17.20125184,0,55.7875,Pre_Monsoon
3/21/2023,26.92083333,43.4,6.575,0.373913274,-4.357399343,21.32083333,88.83333333,376.0416667,3.6,0.581092836,27.62860507,0,81.825,Pre_Monsoon
3/22/2023,35.25833333,50.4,7.6625,0.356629563,-3.349715915,22.075,85.08333333,427.2916667,9.6,0.638457733,34.82394294,0,65.90416667,Pre_Monsoon
3/23/2023,40.6625,51.7,7.704166667,-1.431716226,-6.559830241,23.92083333,80.08333333,465.2083333,0.1,0.599418623,36.4990754,0,66.79583333,Pre_Monsoon
3/24/2023,53.49583333,112.9,6.720833333,-0.826396946,-2.836503078,24.43333333,76.29166667,405.2083333,0.2,0.613984812,37.74858103,0,83.04583333,Pre_Monsoon
3/25/2023,66.87916667,89.6,6.029166667,0.163539746,-2.883799142,24.99166667,81.08333333,355.4166667,2.3,0.713110754,42.02577191,0,83.78333333,Pre_Monsoon
3/26/2023,45.32916667,69.4,10.04583333,-4.648102934,-6.598746745,25.8625,78.75,480.4166667,1.5,0.887635407,48.02370187,0,61.95416667,Pre_Monsoon
3/27/2023,49.9875,61.2,8.254166667,-1.927077035,-5.430683578,26.13333333,75.54166667,479.375,3.6,0.839134047,52.74761174,0,22.41666667,Pre_Monsoon
3/28/2023,62.07916667,86.4,6.158333333,1.221460855,-4.055643116,26.52916667,73.91666667,473.9583333,0.4,0.769495087,53.03476275,0,26.92083333,Pre_Monsoon
3/29/2023,48.125,62.4,8.616666667,1.187782411,-5.837281887,25.49583333,80.875,417.5,2.6,0.771099416,52.1106444,0,35.25833333,Pre_Monsoon
3/30/2023,45.00833333,61.7,7.833333333,0.595274856,-5.342520078,25.61666667,81.41666667,428.9583333,9.5,0.845387101,55.19572021,0,40.6625,Pre_Monsoon
3/31/2023,42.6,81,6.825,2.247343421,-0.847678977,23.93333333,85.54166667,394.1666667,5.6,1.111291338,44.3976669,0,53.49583333,Pre_Monsoon
4/1/2023,45.0875,79.2,8.075,-0.057830356,-2.61528763,23.175,85.95833333,335,9.7,1.033629842,48.81877334,0,66.87916667,Pre_Monsoon
4/2/2023,46.925,65.7,7.529166667,-2.418458656,-4.049935519,24.4625,79.04166667,437.5,1.5,0.473107732,36.03547303,0,45.32916667,Pre_Monsoon
4/3/2023,33.90416667,49.9,8.770833333,-0.855951848,-5.899868573,25.40833333,77.16666667,575.2083333,0.1,0.376338764,30.97236677,0,49.9875,Pre_Monsoon
4/4/2023,28.92083333,41.8,12.8625,-3.347000176,-11.13901751,26.4,75.04166667,518.75,0.1,0.540092416,43.28507121,0,62.07916667,Pre_Monsoon
4/5/2023,31.92916667,60.5,10.67916667,-3.522825922,-8.017640851,27.22083333,79.29166667,595.2083333,2.2,0.705578898,62.00756739,0,48.125,Pre_Monsoon
4/6/2023,49.06666667,82,7.358333333,-0.502726247,-0.470124586,26.91666667,70.66666667,499.7916667,0,0.47382611,51.3383956,0,45.00833333,Pre_Monsoon
4/7/2023,58.72083333,81,8.754166667,-1.066143635,-4.069984751,27.67083333,62.04166667,604.7916667,0,0.383778585,50.83249374,0,42.6,Pre_Monsoon
4/8/2023,69.62916667,95.2,6.320833333,-2.133608286,-2.866448411,28.64583333,54.875,487.9166667,0,0.370857416,45.65105056,0,45.0875,Pre_Monsoon
4/9/2023,68.73333333,86.6,5.5625,-3.980154559,-2.105050746,29.74166667,52,495.625,0,0.454051656,51.44025666,0,46.925,Pre_Monsoon
4/10/2023,63.78333333,97.3,7.441666667,-3.272080127,-3.913006219,29.43333333,56.125,537.2916667,0,0.519302898,57.76917892,0,33.90416667,Pre_Monsoon
4/11/2023,68.9375,101.5,8.45,-2.127648426,-2.37343217,29.93333333,52.58333333,710.4166667,0,0.594104961,64.8957813,0,28.92083333,Pre_Monsoon
4/12/2023,78.29583333,112.9,7.65,-0.13739466,-0.680590668,29.24583333,46.875,771.875,0,0.380424535,54.84503957,0,31.92916667,Pre_Monsoon
4/13/2023,66.25,104.3,9.341666667,-2.814804177,-3.439949987,30.24166667,47.79166667,604.7916667,0,0.332010221,46.90127459,0,49.06666667,Pre_Monsoon
4/14/2023,54.42916667,101,7.9125,-3.209615205,-3.464890148,31.21666667,52,697.7083333,0,0.399929217,40.81648883,0,58.72083333,Pre_Monsoon
4/15/2023,68.94583333,102.9,6.7125,-1.411720939,-1.975451349,31.89583333,57.04166667,610.8333333,0,0.553542549,57.38366745,0,69.62916667,Pre_Monsoon
4/16/2023,77.84583333,104.5,8.966666667,-3.463074551,-1.578530346,32.22916667,52.91666667,694.5833333,0,0.672837163,71.19449067,0,68.73333333,Pre_Monsoon
4/17/2023,52.52083333,86.8,12.71666667,-2.39169644,-11.08608775,30.72916667,71.125,602.0833333,7.1,0.85883071,73.67195445,0,63.78333333,Pre_Monsoon
4/18/2023,45.63333333,59.8,11.85416667,-0.127824565,-10.437448,30.55416667,73.83333333,610.2083333,9.6,1.000939047,93.15159155,0,68.9375,Pre_Monsoon
4/19/2023,32.42083333,46.3,13.95,-0.013251881,-13.47026743,30.925,77.04166667,646.875,0,0.925254939,87.03364765,0,78.29583333,Pre_Monsoon
4/20/2023,35.05,43.4,16.44166667,2.220342163,-12.16176806,29.59166667,75.79166667,693.75,8.3,0.878154444,83.88827945,0,66.25,Pre_Monsoon
4/21/2023,41.33333333,69.8,14.65833333,4.007476363,-11.07184488,27.52083333,81.83333333,560.8333333,17.5,1.028054498,73.96503198,0,54.42916667,Pre_Monsoon
4/22/2023,44.425,59.8,6.020833333,2.116456451,-2.410137071,26.56666667,77.70833333,550,13.2,0.657635296,57.92711595,0,68.94583333,Pre_Monsoon
4/23/2023,52.15833333,72.2,9.720833333,1.568380192,2.149070286,26.6375,69.5,426.875,0.1,0.992486201,52.99297153,0,77.84583333,Pre_Monsoon
4/24/2023,54.7125,66.8,6.570833333,-0.82989953,4.804190937,26.39166667,67.95833333,570.625,0,0.643002989,33.89427678,0,52.52083333,Pre_Monsoon
4/25/2023,57.67916667,100.1,6.858333333,-4.483590561,2.336728307,27.65833333,63.66666667,631.6666667,0,0.50198806,36.94655272,0,45.63333333,Pre_Monsoon
4/26/2023,64.70833333,91,4.991666667,-2.118983273,1.578164205,29.60416667,53.70833333,760.8333333,0,0.458493127,40.22512501,0,32.42083333,Pre_Monsoon
4/27/2023,76.79166667,117.1,8.058333333,-4.670401125,0.396688622,29.32916667,56.875,780.2083333,0.2,0.68012995,44.75283706,0,35.05,Pre_Monsoon
4/28/2023,58.84583333,76.6,5.395833333,-2.404882777,-2.202542892,28.54166667,65.04166667,625,0.5,0.679844476,46.8815196,0,41.33333333,Pre_Monsoon
4/29/2023,63.65,114.6,8.545833333,-2.555993559,-4.333659604,29.02083333,69.33333333,772.0833333,0.4,0.622058603,48.4183688,0,44.425,Pre_Monsoon
4/30/2023,58.72916667,81.7,6.675,-1.15527177,1.379358349,28.78333333,68.58333333,547.7083333,0.4,0.605068496,45.23068971,0,52.15833333,Pre_Monsoon
5/1/2023,52.20416667,65.9,8.0375,-4.621658265,3.279121751,27.84583333,70.16666667,489.7916667,2,0.528177515,43.0739214,0,54.7125,Pre_Monsoon
5/2/2023,70.05,103.6,6.408333333,-3.72394338,-0.104764651,28.8,63.66666667,670.2083333,0,0.29482506,25.79021599,0,57.67916667,Pre_Monsoon
5/3/2023,56.61666667,115.5,7.358333333,0.492094131,-4.141129566,28.1375,70.83333333,615.625,1.6,0.375596564,23.99726442,0,64.70833333,Pre_Monsoon
5/4/2023,27.975,40.9,8.545833333,-1.839699911,-6.846664563,27.12083333,79.83333333,575.625,21.9,0.341242265,18.14125873,0,76.79166667,Pre_Monsoon
5/5/2023,27.9125,44,6.5875,-2.697709154,-3.636654204,27.27083333,78.29166667,557.7083333,3.8,0.477169596,21.5257209,0,58.84583333,Pre_Monsoon
5/6/2023,56.32083333,96.4,6.2625,-3.830592066,-4.100398296,28.85,72.29166667,686.875,0.1,0.692100895,39.70214508,0,63.65,Pre_Monsoon
5/7/2023,58.38333333,95.2,7.916666667,-4.323847154,-5.165006361,30.29166667,64.08333333,730.625,0,0.586825857,51.13045681,0,58.72916667,Pre_Monsoon
5/8/2023,57.47916667,98.7,10.01666667,-7.581482089,-5.459036932,31.59583333,53.375,828.125,0,0.489713713,54.35359686,0,52.20416667,Pre_Monsoon
5/9/2023,68.8375,122.5,11.125,-7.396832292,-7.441775488,32.07916667,53.33333333,668.75,0,0.657485449,69.96253794,0,70.05,Pre_Monsoon
5/10/2023,54.7625,102.2,11.77083333,-2.177801772,-9.196866844,31.2125,64.58333333,786.6666667,5.2,0.793515747,70.65156731,0,56.61666667,Pre_Monsoon
5/11/2023,30.84583333,55.4,9.804166667,-1.742150638,-8.702089142,32.47916667,57.125,710.4166667,0,0.702509314,52.87531539,0,27.975,Pre_Monsoon
5/12/2023,45.76666667,81.3,5.683333333,1.375409249,-4.557195732,31.79166667,59.375,612.0833333,0,0.733121405,53.22789607,0,27.9125,Pre_Monsoon
5/13/2023,54.91666667,67.8,9.916666667,8.948514624,0.732537263,31.44583333,58,713.9583333,0,0.589283449,43.96199436,0,56.32083333,Pre_Monsoon
5/14/2023,28.5125,53.6,17.42083333,11.68753797,12.52665506,28.24583333,57.16666667,695.8333333,0,0.150456535,18.57695604,0,58.38333333,Pre_Monsoon
5/15/2023,20,25.2,11.275,3.804443672,-7.988982694,27.97916667,58.70833333,731.875,6.6,0.402933588,20.65818556,0,57.47916667,Pre_Monsoon
5/16/2023,26.40833333,36.9,16.50416667,4.129949244,-14.44270403,29.83333333,72.25,805.2083333,14.1,0.835858621,53.85506607,0,68.8375,Pre_Monsoon
5/17/2023,26.69583333,32.5,18.07083333,5.554565456,-14.4878104,28.44166667,79.79166667,710.625,46.8,0.808646372,54.30614587,0,54.7625,Pre_Monsoon
5/18/2023,21.10833333,26.7,14.40833333,5.067950365,-12.8913106,27.9,79.79166667,546.25,2,0.654354867,47.60974935,0,30.84583333,Pre_Monsoon
5/19/2023,30.49583333,47.3,13.73333333,3.074601295,-12.64784338,28.625,80.20833333,528.5416667,4.3,0.686715079,50.00852811,0,45.76666667,Pre_Monsoon
5/20/2023,22.39166667,29.9,16.34583333,1.664737935,-15.04425493,28.7875,79.70833333,675.4166667,7.7,0.573675038,43.31157208,0,54.91666667,Pre_Monsoon
5/21/2023,24.72916667,37.3,14.77083333,4.707185061,-11.76998137,28.35,82,702.9166667,15.7,0.738476485,60.59068277,0,28.5125,Pre_Monsoon
5/22/2023,26.5,33.4,12.60833333,2.420281917,-10.30700629,29.64166667,77.25,656.6666667,10,0.778531219,48.97995515,0,20,Pre_Monsoon
5/23/2023,25.75,39.7,10.075,6.014487221,-6.377815676,27.61666667,85.41666667,479.7916667,19.5,0.858023315,56.00362332,0,26.40833333,Pre_Monsoon
5/24/2023,25.04166667,34.3,7.170833333,3.526862962,-4.591409671,27.25416667,79.41666667,428.125,7.2,0.858117918,51.98818798,0,26.69583333,Pre_Monsoon
5/25/2023,26.3875,36.1,10.775,5.790193173,-6.853778231,27.6,80.04166667,491.0416667,4.6,0.603950705,41.01210314,0,21.10833333,Pre_Monsoon
5/26/2023,32.42916667,48.2,10.35833333,3.932192079,-6.740490326,27.88333333,79,437.2916667,1.3,0.504256096,38.34520504,0,30.49583333,Pre_Monsoon
5/27/2023,29.55,43.5,9.2375,-0.736679649,-7.028898415,26.7125,84.75,461.875,10.7,0.671518214,58.48943772,0,22.39166667,Pre_Monsoon
5/28/2023,60.08333333,127.1,4.966666667,1.058573298,2.489080832,28.15,75.125,447.7083333,0,0.457322066,39.09522985,0,24.72916667,Pre_Monsoon
5/29/2023,87.55,131.8,6.041666667,-1.249673535,4.922569483,29.34583333,68.58333333,476.25,0,0.415159855,40.0227185,0,26.5,Pre_Monsoon
5/30/2023,88.68333333,122.5,5.083333333,-3.191953928,0.254792997,30.52916667,66.45833333,523.75,0,0.382062096,43.31578642,0,25.75,Pre_Monsoon
5/31/2023,68.27916667,118,5.375,-2.925208866,-3.704112631,31.44583333,65.45833333,547.2916667,0.2,0.4805677,50.00109164,0,25.04166667,Pre_Monsoon
6/1/2023,45.39166667,66.4,10.2625,-2.78996273,-8.59575111,31.42916667,71.58333333,479.5833333,2.7,0.888627693,54.4777526,0,26.3875,Monsoon
6/2/2023,48.95,64.5,14.09583333,-4.952059167,-11.51571257,32.2,66.33333333,602.9166667,0.1,0.710497009,74.01945712,0,32.42916667,Monsoon
6/3/2023,44.31666667,70.3,13.3375,-3.506606247,-11.32053355,31.6125,69.54166667,618.3333333,1.2,0.868171332,86.73879545,0,29.55,Monsoon
6/4/2023,42.54166667,63.8,10.1125,-1.557620165,-9.191910281,32.05416667,69.04166667,607.0833333,2,0.694029368,70.353487,0,60.08333333,Monsoon
6/5/2023,49.66666667,69.2,7.195833333,-2.988924462,-5.12648835,33.05416667,61.58333333,571.875,0,0.583539783,64.43577137,0,87.55,Monsoon
6/6/2023,52.425,84.3,7.166666667,-3.187448938,-3.789855818,33.7875,59.04166667,524.375,0.1,0.620715381,51.2050323,0,88.68333333,Monsoon
6/7/2023,72.27916667,91.5,5.483333333,-0.455207723,-2.898991374,31.82916667,70.54166667,470.8333333,6.5,0.706981165,59.91016693,0,68.27916667,Monsoon
6/8/2023,62.04583333,78,8.0125,2.655981897,-5.258298642,30.06666667,79.58333333,296.875,1.4,0.366896948,38.55187503,0,45.39166667,Monsoon
6/9/2023,39.9625,66.4,7.475,0.644356087,-6.099578002,29.0375,83.83333333,303.75,15.1,0.314352849,33.6520135,0,48.95,Monsoon
6/10/2023,35.7,53,7.029166667,3.766280438,-2.796356593,28.50416667,82.16666667,355.8333333,3.4,0.500606489,32.94530511,0,44.31666667,Monsoon
6/11/2023,25.7,36.9,11.225,6.017097206,-8.750490146,29.11666667,78.95833333,472.9166667,0.6,0.751940536,39.67282568,0,42.54166667,Monsoon
6/12/2023,23.74583333,44.4,13.03333333,6.913521435,-10.82027042,29.8375,78.95833333,491.25,0.3,0.966812558,50.08108114,0,49.66666667,Monsoon
6/13/2023,26.6375,34.5,14.99583333,3.612108034,-13.3507325,30.39583333,78.58333333,582.9166667,10.7,0.949013548,63.46371837,0,52.425,Monsoon
6/14/2023,26.62083333,39.3,20.7875,3.966392199,-19.24923795,30.90416667,80.5,794.375,3.8,0.897610543,42.06766879,0,72.27916667,Monsoon
6/15/2023,26.62083333,31,23.96666667,3.410451272,-23.0612578,31.175,78.5,845,20.5,0.744402374,47.57467939,0,62.04583333,Monsoon
6/16/2023,23.83333333,29.3,23.69166667,0.815749815,-21.93378432,31.1125,78.79166667,862.5,56.2,0.603158717,43.75031806,0,39.9625,Monsoon
6/17/2023,21.71666667,29.6,22.57083333,1.214617113,-20.98387569,31.07083333,76.04166667,889.5833333,7.7,0.611496779,42.27699524,0,35.7,Monsoon
6/18/2023,20.22083333,28.9,17.125,2.175507492,-16.36395504,29.54166667,81.66666667,703.75,10.6,0.656572464,36.98197976,0,25.7,Monsoon
6/19/2023,17.4625,23.9,17.60416667,1.598758902,-16.84921808,29.75,80.16666667,581.0416667,7.4,0.656288826,43.89281195,0,23.74583333,Monsoon
6/20/2023,13.10416667,18.7,16.4375,2.632378506,-15.83355131,29.49583333,79.75,632.2916667,5.4,0.590884068,31.93382825,0,26.6375,Monsoon
6/21/2023,12.77916667,19.4,15.84166667,1.818876748,-15.42550106,29.23333333,82.70833333,598.3333333,19.2,0.590465755,25.45217091,0,26.62083333,Monsoon
6/22/2023,11.7,17,13.39166667,4.979022171,-12.24688965,29.0375,81.625,495.8333333,7.6,0.371850719,16.1049114,0,26.62083333,Monsoon
6/23/2023,9.583333333,12.9,14.04166667,11.12762397,-8.348055947,28.40416667,83.375,605.2083333,7.7,0.188836657,14.74961595,0,23.83333333,Monsoon
6/24/2023,10.17083333,13.4,17.375,11.78222305,-12.28139751,29.275,77.91666667,680.8333333,1.2,0.158300629,14.36966754,0,21.71666667,Monsoon
6/25/2023,9.729166667,12.8,19.625,11.62522193,-15.0874817,29.04583333,78.08333333,793.9583333,3.2,0.1859898,18.03406705,0,20.22083333,Monsoon
6/26/2023,7.9,10.9,19.28333333,12.75216421,-13.87410597,28.13333333,82.16666667,737.7083333,8.3,0.234767055,17.4110523,0,17.4625,Monsoon
6/27/2023,8.529166667,12.7,17.55416667,10.20788746,-13.59997108,26.37083333,91,537.0833333,34.1,0.220710405,18.10226286,0,13.10416667,Monsoon
6/28/2023,13.7375,24.4,15.97083333,6.524830514,-14.08939325,26.9125,90.04166667,555,28.1,0.249344648,19.61790576,0,12.77916667,Monsoon
6/29/2023,12.72083333,18.5,13.64166667,0.679433591,-13.21934725,26.9,90.625,488.9583333,40.9,0.267799288,24.99026794,0,11.7,Monsoon
6/30/2023,14.8375,22.5,12.4625,0.123533871,-11.58637983,27.825,88.66666667,481.875,24.1,0.300160655,26.18252575,0,9.583333333,Monsoon
7/1/2023,18.39166667,26.2,10.17083333,2.231087918,-8.900840821,27.825,90.16666667,424.7916667,29.8,0.241897685,18.95625878,0,10.17083333,Monsoon
7/2/2023,16.1375,23.6,10.24583333,0.13339928,-9.540972327,28.59583333,87.79166667,405.2083333,9.1,0.306832419,22.93222352,0,9.729166667,Monsoon
7/3/2023,16.05,24.3,9.825,1.875820251,-8.965118804,28.99583333,87.45833333,409.375,5.9,0.272125041,18.99446512,0,7.9,Monsoon
7/4/2023,13.4125,21.4,9.225,2.358858234,-8.496816986,29.8875,81.54166667,494.375,0.8,0.171023542,12.50088204,0,8.529166667,Monsoon
7/5/2023,8.7125,11.1,12.27083333,8.505227442,-8.262566488,29.01666667,83.5,646.4583333,12.2,0.160238036,13.53040964,0,13.7375,Monsoon
7/6/2023,6.145833333,7.9,19.0875,8.61191675,-16.83119319,28.6,82.33333333,759.7916667,4.6,0.229492534,18.66260386,0,12.72083333,Monsoon
7/7/2023,7.683333333,10.3,16.84166667,6.07618065,-15.5180625,28.25833333,83.95833333,634.5833333,8,0.209345605,19.14077424,0,14.8375,Monsoon
7/8/2023,8.645833333,13,14.82083333,5.916390938,-13.12695924,28.78333333,82.79166667,644.5833333,8.1,0.167970868,15.08691892,0,18.39166667,Monsoon
7/9/2023,13.35833333,22.5,10.61666667,1.645405344,-10.05040647,28.93333333,83.125,460.625,11.3,0.161115845,14.45835973,0,16.1375,Monsoon
7/10/2023,13.92083333,16.8,12.20416667,2.423836756,-11.66758214,28.8375,86.125,502.5,5.5,0.211471309,21.04033735,0,16.05,Monsoon
7/11/2023,9.904166667,11.9,15.2625,1.025824821,-15.08986065,28.95,82.5,658.75,3.6,0.210826593,17.47386109,0,13.4125,Monsoon
7/12/2023,8.966666667,10,15.18333333,0.769734277,-15.10546352,28.83333333,82.20833333,690.4166667,2.3,0.156755537,12.75905851,0,8.7125,Monsoon
7/13/2023,8.266666667,12.6,14.5625,3.566496427,-13.99749829,28.55833333,83.20833333,607.5,4.1,0.132733046,11.77534019,0,6.145833333,Monsoon
7/14/2023,11.77083333,15.2,11.92916667,5.310274318,-10.36121392,28.35833333,84.45833333,514.375,2.7,0.177976193,19.05202216,0,7.683333333,Monsoon
7/15/2023,7.016666667,12.4,17.58333333,10.10738274,-14.23970776,28.46666667,81.29166667,665.8333333,1.2,0.130356517,11.22110029,0,8.645833333,Monsoon
7/16/2023,6.270833333,9,17.3375,10.74579792,-13.28237826,28.61666667,80.83333333,650.625,2,0.187689933,15.48601378,0,13.35833333,Monsoon
7/17/2023,10.1375,20.4,10.825,9.048121628,-4.942980906,28.12083333,84.29166667,552.7083333,5.3,0.151733362,14.15199805,0,13.92083333,Monsoon
7/18/2023,11.55833333,15.1,11.09166667,7.73003494,-6.694988543,29.525,80.66666667,556.4583333,6.2,0.13798826,11.89758656,0,9.904166667,Monsoon
7/19/2023,9.275,12.3,14.39583333,8.656743001,-10.76523153,29.97916667,77.16666667,720,0.5,0.137768522,12.56000072,0,8.966666667,Monsoon
7/20/2023,8.104166667,11.4,14.075,8.446626544,-10.74044226,30.2875,75.875,722.7083333,0.9,0.166846206,14.52341654,0,8.266666667,Monsoon
7/21/2023,8.533333333,16.9,14.47083333,10.49831854,-9.368082159,29.84166667,78,717.9166667,9.2,0.234727064,23.72172244,0,11.77083333,Monsoon
7/22/2023,9.725,11.8,14.31666667,9.132476219,-9.797705147,30.22083333,75.5,755.4166667,1.7,0.153096009,15.75002219,0,7.016666667,Monsoon
7/23/2023,12.30833333,21.4,10.25,3.814301978,-9.119404489,30.5375,76.29166667,579.7916667,0.3,0.205802642,21.23140477,0,6.270833333,Monsoon
7/24/2023,14.2625,17.9,8.9125,1.629701805,-8.216606587,30.60833333,73.58333333,478.75,0.3,0.169904453,19.20897351,0,10.1375,Monsoon
7/25/2023,11.70833333,15.3,10.975,4.622740853,-8.947071744,30.625,74.58333333,587.2916667,0.8,0.124543752,14.11220986,0,11.55833333,Monsoon
7/26/2023,7.3,10.7,15.1875,7.681341559,-12.77925315,29.47083333,78.66666667,734.7916667,9.4,0.156724989,15.69355124,0,9.275,Monsoon
7/27/2023,7.65,11.9,15.7875,5.736185838,-14.24299093,29.40833333,79,660.8333333,4.7,0.166953473,18.03346752,0,8.104166667,Monsoon
7/28/2023,9.483333333,11.7,15.07083333,4.167206356,-14.33638441,29.80416667,77.25,724.375,1.6,0.165799449,17.18677632,0,8.533333333,Monsoon
7/29/2023,8.925,11.5,14.0875,7.489275757,-11.39951504,29.725,78.33333333,595.8333333,2.8,0.1633688,16.08763427,0,9.725,Monsoon
7/30/2023,17.4875,31.8,8.020833333,3.420465044,-5.243025172,30.79583333,75.95833333,460.4166667,1.1,0.121688674,13.23057916,0,12.30833333,Monsoon
7/31/2023,37.96666667,66.1,6.679166667,-2.304356757,0.328230173,30.8625,79.375,355.2083333,20.5,0.137179776,13.64772709,0,14.2625,Monsoon
8/1/2023,28.14166667,61.2,15.55833333,11.16044006,-2.183968102,29.775,82.79166667,712.0833333,14.9,0.196929802,19.06836928,0,11.70833333,Monsoon
8/2/2023,7.895833333,14.3,23.69166667,16.99173976,-15.23349202,28.51666667,83.45833333,733.125,7.4,0.25224554,29.43634692,0,7.3,Monsoon
8/3/2023,12.6625,16.2,16.05833333,9.455963238,-12.29640803,27.89583333,87,464.375,14.7,0.235505942,24.95122938,0,7.65,Monsoon
8/4/2023,17.57916667,25.7,13.675,4.788715076,-12.09587202,28.2125,86.45833333,420.4166667,14.5,0.205655471,17.54535895,0,9.483333333,Monsoon
8/5/2023,19.04166667,23,13.85833333,2.401852,-13.27718798,28.79166667,83.75,515.2083333,7.1,0.233046753,16.3116895,0,8.925,Monsoon
8/6/2023,21.5875,27.1,13.95833333,-5.254887208,-12.34398835,27.4375,90.625,518.3333333,25,0.227566158,15.83124883,0,17.4875,Monsoon
8/7/2023,17.64166667,23.6,10.85833333,-6.149976305,-8.376200247,26.46666667,94.75,455.8333333,55.6,0.296634426,24.86081772,0,37.96666667,Monsoon
8/8/2023,31.03333333,39.6,12.5375,-7.630465741,-8.584997707,27.11666667,91.45833333,445.625,24.9,0.318054905,24.83537632,0,28.14166667,Monsoon
8/9/2023,33,45.5,10.03333333,1.640302153,-9.551725654,28.45833333,84.70833333,397.7083333,0.4,0.445807974,46.56998777,0,7.895833333,Monsoon
8/10/2023,47.99583333,58,8.875,2.402875472,-8.287645866,28.7,84.66666667,374.5833333,1,0.382335087,35.25150625,0,12.6625,Monsoon
8/11/2023,41.44166667,53.8,10.3875,2.075810383,-9.915508661,28.44583333,85.58333333,421.6666667,19.8,0.419403976,35.08396696,0,17.57916667,Monsoon
8/12/2023,49.93333333,58.1,11.3875,1.655270389,-10.62615867,27.84166667,89.375,449.5833333,18.4,0.524798714,37.01318861,0,19.04166667,Monsoon
8/13/2023,32.67916667,54.5,7.1875,1.011560686,-5.693677704,27.72083333,89.91666667,266.0416667,14.8,0.490702016,47.53938923,0,21.5875,Monsoon
8/14/2023,34.27083333,56.5,5.375,1.577818155,-4.367271918,28.22916667,87.75,305.625,4.9,0.463812996,53.99918875,0,17.64166667,Monsoon
8/15/2023,39.95833333,53,6.416666667,0.188174852,-5.821144782,29.15416667,84.41666667,372.0833333,1.3,0.678465669,52.62048998,0,31.03333333,Monsoon
8/16/2023,37.5375,48.7,6.408333333,1.986117221,-5.010962193,28.80416667,87.95833333,335,27.7,0.479729342,34.24971231,0,33,Monsoon
8/17/2023,31.39583333,44,6.933333333,4.054333042,-4.210242214,29.8375,82.16666667,408.3333333,1.8,0.317473215,28.93066525,0,47.99583333,Monsoon
8/18/2023,11.14583333,20.1,15.12083333,9.185972701,-11.12545783,29.39166667,78.875,756.6666667,1.8,0.14390204,17.88393027,0,41.44166667,Monsoon
8/19/2023,12.675,21.5,14.94583333,7.086805552,-12.74036741,29.1625,80,686.25,1.5,0.201606828,20.82040886,0,49.93333333,Monsoon
8/20/2023,22.025,33.1,8.670833333,1.860831041,-7.946542068,29.37083333,81.20833333,507.5,0.4,0.176652659,18.44839338,0,32.67916667,Monsoon
8/21/2023,26.7625,34.8,9.85,-1.938346009,-9.250918358,30.00416667,76.04166667,558.5416667,0.2,0.215462959,18.12870223,0,34.27083333,Monsoon
8/22/2023,17.16666667,23.3,11.8875,2.362771042,-11.30083618,28.3875,86.375,471.875,2.4,0.134673361,13.30010646,0,39.95833333,Monsoon
8/23/2023,14.15416667,17.5,11.53333333,2.12723967,-11.11154527,27.67083333,86.70833333,476.6666667,9.4,0.132161793,15.27121983,0,37.5375,Monsoon
8/24/2023,15.12916667,27.9,11.87916667,3.320985083,-10.68706369,27.6125,87.875,391.4583333,10.5,0.183563543,16.00107003,0,31.39583333,Monsoon
8/25/2023,15.72083333,32.8,10.0375,-0.525161357,-8.300716373,26.87916667,91.95833333,374.375,34.6,0.309656911,26.17793693,0,11.14583333,Monsoon
8/26/2023,24.23333333,35.9,13.15,-8.091159255,-9.056887339,28.01666667,85.83333333,516.25,11,0.500732404,36.72637038,0,12.675,Monsoon
8/27/2023,37.2125,48.9,10.86666667,-2.131539255,-9.054766684,28.0875,87.70833333,488.3333333,18.2,0.770613966,62.48537033,0,22.025,Monsoon
8/28/2023,48.4,71.9,7.9375,-0.337197175,-7.650569725,28.67916667,85.08333333,439.1666667,1.2,0.871705494,88.19564532,0,26.7625,Monsoon
8/29/2023,73.75,136.4,5.166666667,0.528952427,1.267502675,29.3375,80.04166667,370.625,0.5,0.811758717,105.0473982,0,17.16666667,Monsoon
8/30/2023,95.32916667,138.8,5.3375,-1.744239795,3.847359703,30.6875,72,397.2916667,0,0.637025349,86.0312444,0,14.15416667,Monsoon
8/31/2023,66.70416667,97.6,5.866666667,-0.85645157,-3.088657892,29.9,80.29166667,402.7083333,1.2,0.701249589,90.70000156,0,15.12916667,Monsoon
9/1/2023,58.54166667,80.6,7.004166667,-0.134271899,-6.431746698,29.56666667,85.70833333,366.875,1.7,0.916549221,101.3700993,0,15.72083333,Monsoon
9/2/2023,68.36666667,113.6,5.3125,0.140972987,-4.316826732,29.27083333,87,406.875,2.1,0.942511656,94.57177107,0,24.23333333,Monsoon
9/3/2023,32.3125,84.8,5.85,3.258192338,-1.657001691,29.1625,85.58333333,371.25,3.8,0.87461519,128.489338,0,37.2125,Monsoon
9/4/2023,25.64583333,77.8,7.120833333,3.519084886,-3.750819587,29.2375,82.625,434.7916667,1.1,0.204642451,41.44200114,0,48.4,Monsoon
9/5/2023,45.225,77.1,7.375,0.937447253,-0.329912584,30.12083333,80.16666667,436.6666667,4.3,0.26127795,28.52644888,0,73.75,Monsoon
9/6/2023,13.83333333,24.8,7.7125,3.613192401,-5.939030544,29.70833333,82.70833333,525.625,2.8,0.302406669,23.53361143,0,95.32916667,Monsoon
9/7/2023,8.608333333,11.7,15.38333333,12.40042917,-8.852943464,28.38333333,83.08333333,737.2916667,5.5,0.170624562,17.10630597,0,66.70416667,Monsoon
9/8/2023,9.695833333,19,15.54166667,8.840861046,-11.57027554,27.22916667,88.70833333,522.9166667,24,0.228044699,17.51265568,0,58.54166667,Monsoon
9/9/2023,20.90416667,41.7,8.208333333,2.462526964,-6.852328916,29.09166667,80.33333333,437.7083333,0.5,0.236566868,15.96665274,0,68.36666667,Monsoon
9/10/2023,24.82083333,47,4.9,-1.300334919,-3.756547074,29.58333333,83.29166667,415,7.1,0.2615616,21.07006325,0,32.3125,Monsoon
9/11/2023,24,41.1,4.929166667,-0.55333014,-4.068587514,29.2125,85.08333333,361.6666667,16.6,0.198129768,17.40149986,0,25.64583333,Monsoon
9/12/2023,15.7625,31.7,7.4875,5.84791781,-3.8003071,28.15416667,88.83333333,365.625,14,0.150200317,13.11189041,0,45.225,Monsoon
9/13/2023,9.379166667,14,11.65,9.801477562,-5.72391504,28.90416667,81.95833333,641.25,4.8,0.141470332,14.03682627,0,13.83333333,Monsoon
9/14/2023,9.879166667,19.2,17.47916667,13.82483274,-9.616428378,28.22916667,83.29166667,793.5416667,5.8,0.152076028,15.76602905,0,8.608333333,Monsoon
9/15/2023,12.27083333,18.9,13.19583333,7.327689208,-10.3883289,28.45,83.66666667,502.9166667,6.7,0.189470618,20.47419906,0,9.695833333,Monsoon
9/16/2023,24.1375,56,6.0375,1.987357913,-4.615338252,29.37916667,82,436.0416667,0,0.177089274,20.95131948,0,20.90416667,Monsoon
9/17/2023,37.82083333,56.3,5.445833333,-3.509340296,0.82324505,29.975,82.08333333,390.4166667,7,0.232175049,25.2534952,0,24.82083333,Monsoon
9/18/2023,22.15,49.7,8.766666667,5.684982849,-6.240628648,27.82083333,87.29166667,347.0833333,4,0.192281044,20.12313874,0,24,Monsoon
9/19/2023,10.45416667,16.9,12.6625,10.88471165,-5.411351632,26.84166667,89.66666667,643.3333333,14.1,0.113774325,13.21149176,0,15.7625,Monsoon
9/20/2023,7.808333333,9.9,16.26666667,12.35954016,-8.008908159,27.09166667,88.375,718.3333333,17.1,0.190131415,17.97079345,0,9.379166667,Monsoon
9/21/2023,8.575,14.7,16.025,9.112598558,-12.82567608,27.2375,87.75,710.625,11.9,0.157221507,16.27189686,0,9.879166667,Monsoon
9/22/2023,11.8,15.9,13.35833333,6.668657936,-11.00487504,27.21666667,87.875,535.2083333,17.9,0.245819263,19.53701358,0,12.27083333,Monsoon
9/23/2023,13.3375,25.3,11.37083333,4.434091126,-9.383486637,27.47916667,87.70833333,498.3333333,14.5,0.278595793,13.95026736,0,24.1375,Monsoon
9/24/2023,14.25416667,22.9,10.95,4.795197058,-8.857686311,28.00833333,85.91666667,429.7916667,1.7,0.213210819,16.07947918,0,37.82083333,Monsoon
9/25/2023,15.69166667,25.7,5.608333333,0.072677099,-3.30827294,27.66666667,87.08333333,433.125,8.9,0.231030163,16.63953292,0,22.15,Monsoon
9/26/2023,31.2125,68.7,4.5625,-0.558580545,0.528315118,29.24166667,80.625,382.0833333,0,0.197182834,18.05074008,0,10.45416667,Monsoon
9/27/2023,44.4625,97.8,3.579166667,-2.114496306,0.700998835,29.82083333,79.125,361.875,0.2,0.239973013,21.86195536,0,7.808333333,Monsoon
9/28/2023,55.575,96.4,6.016666667,-2.358745932,5.144601668,30.57916667,78.58333333,410.8333333,0,0.235451712,24.48029892,0,8.575,Monsoon
9/29/2023,38,55.8,5.8875,1.499769388,-0.11172533,29.50833333,84.5,371.6666667,21.1,0.16372476,19.61839847,0,11.8,Monsoon
9/30/2023,11.55416667,24.3,13.34166667,10.96897136,-7.095021061,27.59166667,86.875,612.7083333,28.2,0.124848803,16.69514594,0,13.3375,Monsoon
10/1/2023,7.8125,10.5,13.9125,10.34610416,-8.838108663,28.2875,83.20833333,661.875,1.5,0.150217218,14.64699485,0,14.25416667,Post_Monsoon
10/2/2023,10.21666667,13.7,12.4125,8.788866154,-8.474181096,27.95,84.29166667,569.5833333,2.7,0.166723738,18.11782243,0,15.69166667,Post_Monsoon
10/3/2023,8.025,14.1,15.44583333,10.70050071,-10.48204806,27.3,86.04166667,540.4166667,7.1,0.125356991,11.83508384,0,31.2125,Post_Monsoon
10/4/2023,8.779166667,13.6,16.53333333,10.74409744,-12.23347957,26.42916667,90.95833333,591.4583333,29.5,0.323202583,20.44431392,0,44.4625,Post_Monsoon
10/5/2023,11.4125,14.2,16.46666667,8.222301538,-14.04622444,26.35,92.125,627.0833333,50.2,0.241269561,16.86106447,0,55.575,Post_Monsoon
10/6/2023,22.95416667,36.9,16.40833333,-3.156421563,-14.94252611,26.60416667,91.08333333,653.125,48.4,0.457031487,36.37857714,0,38,Post_Monsoon
10/7/2023,26.99583333,54.9,8.245833333,1.668928327,-7.063044568,26.70833333,88.95833333,334.5833333,40.5,0.473262259,45.46967559,0,11.55416667,Post_Monsoon
10/8/2023,33.54583333,53.6,7.7375,-1.995699015,-6.773815017,27.46666667,87.70833333,348.75,0.3,0.319750493,28.52937006,0,7.8125,Post_Monsoon
10/9/2023,36.75833333,70.3,6.133333333,-0.090467618,-5.190565781,27.51666667,88.08333333,410.8333333,2.4,0.512061469,43.34052357,0,10.21666667,Post_Monsoon
10/10/2023,73.07916667,139.2,5.279166667,1.642401573,-1.13479473,27.90416667,85.5,334.375,0.4,0.590491897,59.18115424,0,8.025,Post_Monsoon
10/11/2023,98.69583333,139.7,5.983333333,-0.255302804,-3.5143912,28.44166667,81.45833333,354.1666667,0.3,0.912861113,76.05685431,0,8.779166667,Post_Monsoon
10/12/2023,82.82083333,126.7,5.275,0.078727248,-2.957069335,27.75416667,84.75,442.9166667,4.4,0.692357219,76.44189915,0,11.4125,Post_Monsoon
10/13/2023,52.65,86.1,6.429166667,-0.371469611,-0.115169146,27.69166667,74.83333333,511.0416667,0,0.519017788,60.63820652,0,22.95416667,Post_Monsoon
10/14/2023,68.2125,106.2,6.8125,-0.072869844,1.294409298,27.13333333,74.25,426.25,0,0.514399614,61.00488805,0,26.99583333,Post_Monsoon
10/15/2023,76.57083333,117.6,5.0875,1.792962588,-0.915646203,27.1125,75.91666667,408.125,0,0.607536492,65.5391731,0,33.54583333,Post_Monsoon
10/16/2023,91.91666667,122.5,4.1375,0.79752622,2.472552485,27.4875,75.41666667,339.1666667,0,0.529435019,64.21825961,0,36.75833333,Post_Monsoon
10/17/2023,90.90833333,118.7,4.395833333,-0.54831742,3.364351738,27.3375,70.54166667,397.2916667,0,0.428093329,53.90356238,0,73.07916667,Post_Monsoon
10/18/2023,77.13333333,102.2,6.029166667,-1.967486183,4.947652165,26.7,73.70833333,373.125,0,0.566582851,63.68114111,0,98.69583333,Post_Monsoon
10/19/2023,63.15833333,91,8.058333333,-3.339469882,7.090707403,26.59166667,72.83333333,403.5416667,0,0.49865361,51.35940063,0,82.82083333,Post_Monsoon
10/20/2023,50.93333333,61.2,7.295833333,-2.395652583,6.524378603,26.275,69.66666667,417.0833333,0,0.345331691,44.11433378,0,52.65,Post_Monsoon
10/21/2023,55.11666667,96.2,6.2,-2.098525141,5.219845306,26.0875,71.83333333,375.2083333,0,0.264896111,40.91306292,0,68.2125,Post_Monsoon
10/22/2023,56.58333333,93.8,5.320833333,-0.307516033,4.609854451,26.65,70.75,322.7083333,0,0.267779994,39.15426079,0,76.57083333,Post_Monsoon
10/23/2023,55.91666667,80.6,5.891666667,2.664854061,1.753588896,26.425,80.58333333,245.2083333,4.4,0.431756449,33.1173244,0,91.91666667,Post_Monsoon
10/24/2023,24.925,56.5,8.129166667,6.59361118,3.031053692,25.65416667,84.375,347.5,0,0.118251976,9.686189927,0,90.90833333,Post_Monsoon
10/25/2023,39.80833333,77.5,7.929166667,-2.153405388,7.404522621,26.80833333,76.29166667,366.25,0,0.147127675,16.67739826,0,77.13333333,Post_Monsoon
10/26/2023,47.75833333,78.9,5.129166667,-2.87446245,2.547046332,26.3875,78.79166667,394.375,0.5,0.255188673,25.68045228,0,63.15833333,Post_Monsoon
10/27/2023,60.0875,91.7,6.825,-1.013005635,6.380309792,25.975,75.16666667,370,0,0.305922106,31.40304247,0,50.93333333,Post_Monsoon
10/28/2023,54.3125,67.5,8.370833333,-3.426141784,7.25492356,25.40833333,65.5,426.25,0,0.302887689,36.7605445,0,55.11666667,Post_Monsoon
10/29/2023,57.2,82.4,7.045833333,-4.243832356,5.10404951,24.94166667,68.625,451.875,0,0.291148245,35.93014088,0,56.58333333,Post_Monsoon
10/30/2023,62.425,115,4.1625,-1.490090188,1.229943215,25.79166667,67.70833333,448.75,0,0.346216351,36.61185367,0,55.91666667,Post_Monsoon
10/31/2023,72.15,109.4,4.491666667,-0.651454076,2.487441225,26.9125,64.95833333,328.75,0,0.21078586,28.13655415,0,24.925,Post_Monsoon
11/1/2023,47.33333333,71.7,7.066666667,-3.241002956,5.67033269,27.45,65.95833333,346.875,0,0.159724567,19.70619437,0,39.80833333,Post_Monsoon
11/2/2023,48.08333333,95.7,6.8625,-2.808211628,5.500231519,27.02916667,67.875,424.1666667,0,0.280332795,29.11115778,0,47.75833333,Post_Monsoon
11/3/2023,70.19166667,96.2,7.045833333,-4.640005974,4.628929827,26.41666667,68.5,425.2083333,0,0.748233252,55.37972682,0,60.0875,Post_Monsoon
11/4/2023,86.70416667,128.5,6.295833333,-4.10091971,3.268409225,26.125,69.91666667,439.375,0.1,0.736013656,63.42616175,0,54.3125,Post_Monsoon
11/5/2023,82.68333333,114.6,6.566666667,-1.72547028,5.44239831,26.02083333,69.125,446.6666667,0,1.087662656,64.0564489,0,57.2,Post_Monsoon
11/6/2023,55.25,64.5,8.525,-4.532748149,6.638886142,25.02083333,61.25,452.7083333,0,0.536492159,56.79669268,0,62.425,Post_Monsoon
11/7/2023,46.62083333,71.9,8.3375,-6.092553327,4.825498631,23.92083333,68.5,466.25,0,0.403729749,51.07857735,0,72.15,Post_Monsoon
11/8/2023,55.32083333,82.2,7.816666667,-4.519435826,5.579944702,24.05,69.375,473.125,0,0.79949543,74.94722516,0,47.33333333,Post_Monsoon
11/9/2023,70.34166667,94.3,7.441666667,-2.957210786,6.13435526,23.825,71.79166667,431.6666667,0,0.623519243,80.32037482,0,48.08333333,Post_Monsoon
11/10/2023,69.1,85.9,8.1125,-3.960176351,6.266387534,23.75833333,68.54166667,401.0416667,0,0.395536297,60.35568997,0,70.19166667,Post_Monsoon
11/11/2023,45.13333333,64.7,7.8,-2.849174351,6.84453206,23.79583333,70.54166667,404.1666667,0,0.285982908,35.95693621,0,86.70416667,Post_Monsoon
11/12/2023,42.52083333,64,7.570833333,-2.898602748,6.657589875,23.86666667,71.5,412.0833333,0,0.232586686,32.28757079,0,82.68333333,Post_Monsoon
11/13/2023,46.42916667,83.4,6.675,-2.013190646,5.869022467,24.025,70.625,388.9583333,0,0.205764248,28.96293805,0,55.25,Post_Monsoon
11/14/2023,53.27916667,89.6,6.8625,-1.651855787,6.065311193,24.17916667,69.08333333,402.9166667,0,0.169169486,24.66698769,0,46.62083333,Post_Monsoon
11/15/2023,49.93333333,84.5,6.2625,-0.458838522,5.905374732,24.99583333,61.70833333,352.0833333,0,0.212026059,31.54402153,0,55.32083333,Post_Monsoon
11/16/2023,30.25,60.3,7.975,0.601642609,5.447025146,24.25833333,75.70833333,228.5416667,4.3,0.187047122,30.84754025,0,70.34166667,Post_Monsoon
11/17/2023,13.27916667,19.7,16.99583333,12.10627547,9.706744601,22.02083333,91.375,565.8333333,62.2,0.085517689,9.868673964,0,69.1,Post_Monsoon
11/18/2023,23.6375,55.4,9.108333333,3.52297175,7.756912599,22.75416667,80.79166667,449.375,0,0.138163969,13.49175413,0,45.13333333,Post_Monsoon
11/19/2023,38.075,76.4,6.479166667,1.719844453,5.485682928,23.50833333,82.375,305.4166667,0.1,0.150581184,16.62838346,0,42.52083333,Post_Monsoon
11/20/2023,48.15416667,77.3,5.583333333,-1.695379599,4.407580808,23.7,78.41666667,400.8333333,0,0.205368942,19.26647721,0,46.42916667,Post_Monsoon
11/21/2023,49.04166667,92,5.4625,-3.974404354,1.582336667,23.6,74.79166667,330.8333333,0,0.248008027,24.9822712,0,53.27916667,Post_Monsoon
11/22/2023,92.175,110.6,7.733333333,-5.078821632,4.846657561,22.2875,72.5,403.3333333,0,0.707523125,78.53474494,0,49.93333333,Post_Monsoon
11/23/2023,95.15,121.5,7.445833333,-4.735045401,5.386549395,21.34166667,73.91666667,381.6666667,0,0.712080625,103.535159,0,30.25,Post_Monsoon
11/24/2023,88.40416667,120.6,4.858333333,-3.132726962,2.314524225,22.05833333,73.41666667,397.2916667,0,0.307760199,45.54996279,0,13.27916667,Post_Monsoon
11/25/2023,77.86666667,115.3,7.3375,-0.2577235,6.414747314,22.0375,71.91666667,387.5,0,0.167058571,23.37434245,0,23.6375,Post_Monsoon
11/26/2023,46.90833333,85,6.595833333,1.167182871,5.663949169,22.05416667,73.16666667,222.7083333,0,0.110160006,17.36276432,0,38.075,Post_Monsoon
11/27/2023,47.725,90.6,6.6375,2.913841135,3.716340777,22.86666667,76.83333333,164.1666667,0,0.136890066,17.60147845,0,48.15416667,Post_Monsoon
11/28/2023,68.8625,119,4.125,-0.764491006,1.557592871,24.2125,72.79166667,207.0833333,0,0.270181571,25.07997561,0,49.04166667,Post_Monsoon
11/29/2023,75.73333333,116.6,4.1875,0.829606499,2.278800264,23.7,76.08333333,223.9583333,0,0.543052164,45.40755873,0,92.175,Post_Monsoon
11/30/2023,61.14166667,105.9,7.375,-0.011023041,6.578596919,22.60833333,77.79166667,240.4166667,0,0.355283679,31.74336223,0,95.15,Post_Monsoon
12/1/2023,41.96666667,60.3,6.758333333,-3.262559378,5.255012869,22.40416667,75.16666667,243.125,0,0.183024367,26.91083907,0,88.40416667,Winter
12/2/2023,32.09166667,63.3,7.320833333,-2.443635588,6.246274156,22.61666667,73.70833333,250.625,0,0.231464252,29.58969987,0,77.86666667,Winter
12/3/2023,38.05833333,65.9,7.579166667,-1.558033093,7.127332207,22.64583333,74.625,228.9583333,0,0.263168464,35.11276459,0,46.90833333,Winter
12/4/2023,43.15833333,69.2,6.558333333,-2.571680138,4.861302454,22.175,79.29166667,170.8333333,0,0.188216253,26.64586774,0,47.725,Winter
12/5/2023,45.2875,55.1,5.716666667,-2.38892602,4.271315362,22.1375,81.375,85,1.2,0.19044961,27.46811015,0,68.8625,Winter
12/6/2023,39.84166667,46.2,7.195833333,-1.230501814,6.78555921,22.70416667,83.125,197.5,2.3,0.166296044,27.65724031,0,75.73333333,Winter
12/7/2023,27.92916667,39.2,9.325,2.238998367,8.634288097,20.2625,91.66666667,303.75,37.2,0.218326298,24.11886525,0,61.14166667,Winter
12/8/2023,28.75416667,34,7.420833333,-5.06994055,4.225222129,21.00416667,86.29166667,313.3333333,1.3,0.133129419,11.0341618,0,41.96666667,Winter
12/9/2023,34.1375,54.1,8.820833333,-6.709260211,5.402433861,20.55833333,82.25,436.0416667,0,0.479254539,41.85992005,0,32.09166667,Winter
12/10/2023,70.09166667,96.9,7.591666667,-5.59540358,4.967061621,19.575,75.91666667,413.5416667,0,0.7622751,86.50960131,0,38.05833333,Winter
12/11/2023,77.95,96.6,8.254166667,-3.892146945,7.092715498,18.75833333,79.79166667,391.4583333,0,0.723255176,96.91486963,0,43.15833333,Winter
12/12/2023,60.375,106.4,5.591666667,-3.839890695,2.774478329,19.50833333,81.58333333,300.4166667,0,0.452596738,65.45399604,0,45.2875,Winter
12/13/2023,68.725,105.5,7.995833333,-7.345231821,1.067826986,18.99583333,76.5,331.0416667,0,0.691871194,77.7254282,0,39.84166667,Winter
12/14/2023,69.75833333,83.1,8.066666667,-4.557365945,6.065080355,17.49166667,73.33333333,360,0,0.67940871,96.98623557,0,27.92916667,Winter
12/15/2023,64.82083333,93.1,8.4375,-4.882997807,6.657025909,17.65833333,76.04166667,322.2916667,0,0.743101023,117.7419098,0,28.75416667,Winter
12/16/2023,52.73333333,85.2,7.791666667,-5.264857005,5.557953698,18.30416667,81.33333333,312.9166667,0,0.703867527,106.0927654,0,34.1375,Winter
12/17/2023,69.075,93.1,6.95,-4.411125827,4.900506546,18.19583333,79.375,286.4583333,0,0.556233662,80.57402183,0,70.09166667,Winter
12/18/2023,66.46666667,114.6,7.475,-4.583900077,5.580503438,18.1875,79.41666667,294.7916667,0,0.582028295,75.01201906,0,77.95,Winter
12/19/2023,62.02083333,105,7.895833333,-4.712918277,6.133252554,18.49583333,77.875,323.75,0,0.527482823,68.9111865,0,60.375,Winter
12/20/2023,49.1375,68.5,6.6875,-4.354595299,4.574237058,18.625,79.66666667,305.2083333,0,0.275287912,40.3752132,0,68.725,Winter
12/21/2023,50.22083333,91.7,6.283333333,-2.511561433,2.722137149,19.075,79.95833333,365.8333333,0,0.287577359,33.16637187,0,69.75833333,Winter
12/22/2023,49.57916667,81.3,5.270833333,1.99364644,1.993373175,20.31666667,78.66666667,325,0,0.390630464,34.87759683,0,64.82083333,Winter
12/23/2023,43.91666667,69.8,5.6875,2.419486886,0.34868542,19.81666667,81.83333333,230.625,0.1,0.519223395,65.20169,0,52.73333333,Winter
12/24/2023,63.1875,109.7,5.0625,-3.536563164,0.590530056,19.7375,80.20833333,263.3333333,0,0.778427599,76.39773725,0,69.075,Winter
12/25/2023,97.50833333,143.9,5.6,-1.734922041,3.353318211,20.67083333,75.16666667,318.3333333,0,0.953921991,96.63409752,0,66.46666667,Winter
12/26/2023,113.2458333,143.9,6.383333333,-0.616382932,5.253704002,19.50416667,78.20833333,272.7083333,0,0.951797607,91.34003996,0,62.02083333,Winter
12/27/2023,92.3375,120.6,6.254166667,-1.62843188,4.645521474,19.82083333,80,273.75,0,0.656022541,58.95549138,0,49.1375,Winter
12/28/2023,83.2375,105.7,6.216666667,-3.21629915,4.596271531,20.075,75.66666667,379.375,0,0.4781728,42.45020711,0,50.22083333,Winter
12/29/2023,60.99583333,85,7.254166667,-2.860320895,6.541030641,20.04166667,75.5,356.6666667,0,0.292476792,31.31078985,0,49.57916667,Winter
12/30/2023,51.07916667,79.6,7.225,-3.951296436,5.884199289,20.11666667,76.75,350.8333333,0,0.228529488,29.36893578,0,43.91666667,Winter
12/31/2023,38.07916667,54.7,8.020833333,-4.621039217,6.250089959,19.89583333,79.41666667,327.9166667,0,0.38860914,54.35489248,0,63.1875,Winter
1/1/2024,44.28333333,63.8,8.029166667,-4.95034019,6.088719055,19.17916667,81.91666667,110.8333333,0,0.419785776,52.63390135,0,97.50833333,Winter
1/2/2024,51.57083333,70.3,7.6,-4.68193783,5.738312702,18.02083333,82.75,,0,0.500951524,60.797012,0,113.2458333,Winter
1/3/2024,66.05416667,115.9,6.754166667,-3.463861751,5.252708264,17.8125,81.83333333,,0,0.305907006,42.82624623,0,92.3375,Winter
1/4/2024,73.66666667,104.5,7.516666667,-4.292433583,5.116920219,17.53333333,84.33333333,,0,0.550057795,66.35784695,0,83.2375,Winter
1/5/2024,66.96666667,99,7.8,-0.995337395,7.107244488,17.83333333,78.95833333,,0,0.505659493,55.84632868,0,60.99583333,Winter
1/6/2024,56.42916667,76.1,8.025,-4.107052794,6.516898371,18.18333333,78.70833333,,0,0.549765656,55.60297392,0,51.07916667,Winter
1/7/2024,47.67083333,62.9,7.754166667,-3.389916394,6.718554348,18.45,78.08333333,,0,0.600965656,62.81673244,0,38.07916667,Winter
1/8/2024,73.27916667,100.8,8.295833333,-4.338149949,6.897562106,18.675,82.125,,0,0.819281452,87.71452771,0,44.28333333,Winter
1/9/2024,89.72916667,106.9,8.341666667,-5.116642143,6.236524529,17.62083333,82.08333333,,0,0.720030906,98.99107222,0,51.57083333,Winter
1/10/2024,76.99166667,88.2,6.9125,-3.194994314,4.791315954,16.95416667,83.91666667,,0,0.629357238,70.46753634,0,66.05416667,Winter
1/11/2024,71.72083333,85.9,7.891666667,-3.505254376,6.538688572,16.50833333,81.75,,0,0.719250681,66.81779524,0,73.66666667,Winter
1/12/2024,65.975,78,8.729166667,-4.63927741,7.190699105,15.37083333,84.95833333,,0,0.415803401,55.66774143,0,66.96666667,Winter
1/13/2024,68.2125,89.4,7.866666667,-3.771870278,6.751053112,15.8875,86.41666667,,0,0.50176978,78.6808601,0,56.42916667,Winter
1/14/2024,79.5375,129,5.070833333,-1.995219106,2.992296298,15.12083333,87.79166667,,0,0.710958298,110.1112282,0,47.67083333,Winter
1/15/2024,77.16666667,122.5,5.9,-3.574825409,1.891704663,15.15,83.58333333,,0,0.625924317,73.76678857,0,73.27916667,Winter
1/16/2024,74.15,102.4,5.9375,-4.62795483,2.003419729,14.27916667,82.5,,0,0.769144791,80.31330989,0,89.72916667,Winter
1/17/2024,90.3875,126.2,4.6125,1.525095293,3.070353311,14.77916667,78.58333333,,0,0.542110523,50.22312117,0,76.99166667,Winter
1/18/2024,99.65416667,146.7,4.783333333,1.718152135,2.805532546,16.1875,79.91666667,,0,1.09916745,53.92833796,0,71.72083333,Winter
1/19/2024,77.44166667,137.8,7.041666667,-2.055091549,6.132017845,17.40833333,82.375,,0.1,1.01191483,52.07094728,0,65.975,Winter
1/20/2024,66.87916667,93.4,8.4375,-5.48700064,5.539051704,16.6875,82.25,,0,0.759222532,81.48228833,0,68.2125,Winter
1/21/2024,84.62916667,115.5,6.783333333,-3.65386543,4.60887168,16.46666667,81.66666667,,0,0.907753987,73.13877722,0,79.5375,Winter
1/22/2024,86.2125,115.5,7,-3.435818586,5.772050709,14.27083333,81.95833333,,0,0.468398586,67.50969365,0,77.16666667,Winter
1/23/2024,90.5375,126.2,6.945833333,-4.461631638,3.113751423,14.69166667,85,,0,0.673683154,77.68224168,0,74.15,Winter
1/24/2024,90.63333333,120.1,6.5625,-0.614516438,1.600517728,16.65416667,81.25,,0.4,0.884800775,89.38745308,0,90.3875,Winter
1/25/2024,92.7125,124.8,5.766666667,-2.629303997,4.089954288,17.4125,78.95833333,,0,1.144863656,94.09772638,0,99.65416667,Winter
1/26/2024,72.925,121.5,8.25,-5.15542682,5.408267299,16.79166667,76.66666667,,0,0.79251612,82.79678646,0,77.44166667,Winter
1/27/2024,64.40833333,78.9,7.9,-5.601421838,5.331901332,15.9625,73.91666667,,0,0.683083169,93.80954358,0,66.87916667,Winter
1/28/2024,61.025,77.3,8.008333333,-4.934238365,5.867681985,15.95416667,69.66666667,,0,0.615153843,83.74170891,0,84.62916667,Winter
1/29/2024,77.9,130.4,6.841666667,-4.718436099,3.51979705,16.20416667,70.25,,0,0.619521305,78.79779655,0,86.2125,Winter
1/30/2024,111.9208333,151.8,4.345833333,2.330912265,-0.255337369,18.38333333,68.25,,0.6,1.161939255,117.150819,0,90.5375,Winter
1/31/2024,105.0416667,149,7.316666667,1.438488955,-5.287761032,19.34166667,76.25,,0.2,1.341673834,84.74693521,0,90.63333333,Winter
2/1/2024,91.35416667,130.4,6.225,-0.036258602,-1.687986471,19.97083333,83.125,,2.6,1.341301318,67.06105197,0,92.7125,Winter
2/2/2024,77.65833333,129.9,7.729166667,-6.107631885,-3.595042581,19.975,85.33333333,,0.2,1.398581529,79.31070123,0,72.925,Winter
2/3/2024,82.32083333,111.1,9.429166667,-5.705877404,-1.93912973,19.07083333,70.91666667,,0,0.749963749,75.40629378,0,64.40833333,Winter
2/4/2024,69.77916667,96.9,7.416666667,-2.973895922,-1.376569992,18.5125,68,,0,0.467671268,63.30984008,0,61.025,Winter
2/5/2024,73.2375,98.3,6.191666667,-1.194304678,-1.558561856,19.98333333,68.45833333,,0,0.537515051,57.38679663,0,77.9,Winter
2/6/2024,76.15416667,142.5,6.229166667,0.102077756,0.763121035,19.77083333,81.54166667,,0.7,0.944429418,74.56321057,0,111.9208333,Winter
2/7/2024,65.95416667,139.2,9.279166667,-6.756023426,3.631968658,19.84583333,73.75,,0,0.853198998,76.38192765,0,105.0416667,Winter
2/8/2024,58.79583333,89.4,7.3375,-4.999798334,3.211027473,17.4,65.45833333,,0,0.392794464,62.98886508,0,91.35416667,Winter
2/9/2024,61.05833333,88.7,7.825,-2.978819454,6.624712024,16.96666667,66.41666667,,0,0.460539094,71.99241726,0,77.65833333,Winter
2/10/2024,59.7125,74.3,9.358333333,-6.625917802,6.378581551,18.425,68.33333333,,0,0.613774993,98.9213759,0,82.32083333,Winter
2/11/2024,69.02916667,84.1,8.3,-5.643072179,5.974171742,19.57083333,67.41666667,,0,0.706879941,122.790773,0,69.77916667,Winter
2/12/2024,79.65,118.3,7.516666667,-4.309537905,4.736518729,20.12083333,64.83333333,,0,0.734387914,93.99364118,0,73.2375,Winter
2/13/2024,78.33333333,112,7.425,-0.552580449,4.961020368,20.50833333,59.95833333,,0,0.524343138,57.36992151,0,76.15416667,Winter
2/14/2024,92.74583333,146.7,5.833333333,-0.426647123,4.97440986,21.72916667,67.79166667,,0,0.939116297,66.574531,0,65.95416667,Winter
2/15/2024,92.3375,134.6,6.6625,-1.803553568,4.856874476,22.25833333,74.95833333,,0.6,0.910890567,75.56823238,0,58.79583333,Winter
2/16/2024,70.83333333,104.1,8.433333333,-4.676344289,6.257981092,22.05,66.625,,0,0.750457883,83.42415357,0,61.05833333,Winter
2/17/2024,59.07916667,87.3,8.491666667,-7.044122688,3.436380292,20.88333333,65.29166667,,0,0.627194432,82.43530012,0,59.7125,Winter
2/18/2024,81.175,114.3,5.266666667,-0.775569021,-0.715374897,21.675,59.625,,0,0.632484997,79.55258729,0,69.02916667,Winter
2/19/2024,89.74583333,134.6,6.4,1.605803705,-1.843575952,21.89166667,62.45833333,,0,0.703819176,77.20872355,0,79.65,Winter
2/20/2024,65.16666667,109,9.908333333,-1.790608337,-8.675056282,22.66666667,77.66666667,,0.2,0.873166323,81.4980743,0,78.33333333,Winter
2/21/2024,43.075,80.6,8.4375,-2.91762137,-4.003015827,24.30416667,79.83333333,,0,0.868887387,50.59445053,0,92.74583333,Winter
2/22/2024,27.9625,43.7,10.67916667,1.489092422,-4.494203078,23.1375,85.16666667,,4,0.977542789,40.58817779,0,92.3375,Winter
2/23/2024,47.3875,89.2,7.120833333,4.742349808,0.492779486,21.04583333,82.54166667,,6.5,0.923986508,47.89869637,0,70.83333333,Winter
2/24/2024,56.17916667,83.1,7.654166667,5.098876146,4.792722446,21.71666667,71.83333333,,0,0.634048978,55.27992704,0,59.07916667,Winter
2/25/2024,70.32916667,99,9.570833333,-0.541995387,9.3179441,21.09166667,61.70833333,,1.7,0.87100628,64.04994989,0,81.175,Winter
2/26/2024,61.14583333,88.2,8.3375,-0.630675268,8.137021384,20.79583333,63.16666667,,0,0.449401128,54.13670389,0,89.74583333,Winter
2/27/2024,57.71666667,73.3,8.291666667,-4.486890419,6.361002621,21.39166667,54.83333333,,0,0.479126545,64.45536049,0,65.16666667,Winter
2/28/2024,94.91666667,132.2,7.925,-4.880333199,3.822274934,22.075,59.33333333,,0,0.805656629,85.7850285,0,43.075,Winter
2/29/2024,93.27083333,131.3,7.7375,-2.385692255,2.832504366,22.90416667,60.08333333,,0,0.511868592,69.82486538,0,27.9625,Winter
3/1/2024,61.40833333,85.7,8.075,-1.190339039,4.652692403,22.36666667,56.75,,0,0.340428043,47.13871435,0,47.3875,Pre_Monsoon
3/2/2024,58.275,98.7,8.483333333,-1.719062334,6.530718295,22.47916667,55,,0,0.343877664,42.78875462,0,56.17916667,Pre_Monsoon
3/3/2024,70.35416667,97.1,6.495833333,-1.801596245,1.451389921,24.01666667,56.58333333,,0,0.5649495,57.7988996,0,70.32916667,Pre_Monsoon
3/4/2024,71.05,93.4,6.270833333,-0.541988142,0.60907015,23.45833333,68.54166667,,1.5,0.65996552,55.76588413,0,61.14583333,Pre_Monsoon
3/5/2024,65.4875,88.7,8.183333333,-6.212212978,2.375866134,24.87083333,64.33333333,,0,0.500733343,45.22229943,0,57.71666667,Pre_Monsoon
3/6/2024,53.92083333,89.4,7.75,-5.347658876,2.731740144,22.36666667,55.875,,0,0.184941338,37.49141597,0,94.91666667,Pre_Monsoon
3/7/2024,58.06666667,85,6.470833333,-1.073135678,4.125077654,22.375,49.04166667,,0,0.255735656,37.28752478,0,93.27083333,Pre_Monsoon
3/8/2024,56.49166667,81.7,8.0375,-3.308276967,5.739424242,22.85,47.16666667,,0,0.300008564,40.26881718,0,61.40833333,Pre_Monsoon
3/9/2024,44.00416667,75.9,7.4125,-3.644302023,5.240099054,22.88333333,44.125,,0,0.214620708,35.22807421,0,58.275,Pre_Monsoon
3/10/2024,39.75416667,61,6.741666667,-3.995941615,4.19561802,23.20416667,43.83333333,,0,0.239132258,33.98995585,0,70.35416667,Pre_Monsoon
3/11/2024,43.15,56.2,8.520833333,-5.810616668,3.442713059,23.32083333,49.875,,0,0.408328558,52.47260402,0,71.05,Pre_Monsoon
3/12/2024,54.6625,74.5,9.045833333,-5.943691444,-5.923191787,25.02916667,59,,0,0.552298803,68.59959482,0,65.4875,Pre_Monsoon
3/13/2024,45.10833333,64.3,8.858333333,-4.506502102,-6.622029278,26.84583333,64.29166667,,0,0.586233353,56.54599449,0,53.92083333,Pre_Monsoon
3/14/2024,49.7375,69.6,8.625,-3.64451524,-6.55189614,25.52083333,77.54166667,,1,1.100269097,69.88488714,0,58.06666667,Pre_Monsoon
3/15/2024,54.45416667,103.4,6.1125,-0.345081058,-2.956055749,26.45,67.91666667,,0.1,0.62805816,46.2208838,0,56.49166667,Pre_Monsoon
3/16/2024,65.47916667,104.5,7.854166667,-2.51404981,-3.151886236,26.575,62.20833333,,0.4,0.685181308,50.37523225,0,44.00416667,Pre_Monsoon
3/17/2024,90.85833333,115.9,6.329166667,-3.329029884,0.61609514,26.96666667,58.75,,0,0.7180316,55.93268108,0,39.75416667,Pre_Monsoon
3/18/2024,92.875,139.7,6,-1.589715488,4.733137072,27.47083333,59.16666667,,0,0.878738719,56.60419308,0,43.15,Pre_Monsoon
3/19/2024,100.6708333,132.7,7.675,-1.995206779,4.554070554,25.99166667,65.25,,4.5,0.940181126,58.78350211,0,54.6625,Pre_Monsoon
3/20/2024,75.74583333,89.2,8.708333333,-0.865554307,7.131826228,23.94583333,70,,2.5,0.777769752,55.6863058,0,45.10833333,Pre_Monsoon
3/21/2024,51.53333333,69.6,7.491666667,0.847724499,-3.550139191,21.925,80.375,,10.4,0.538857422,34.1501804,0,49.7375,Pre_Monsoon
3/22/2024,48.575,87.8,6.8375,-0.504555846,-2.530822228,22.30833333,73.83333333,,0.3,0.63732588,31.33476602,0,54.45416667,Pre_Monsoon
3/23/2024,45.92916667,79.6,9.104166667,-1.808056691,-6.326415325,24.77083333,68.45833333,,0,0.69618172,37.21003493,0,65.47916667,Pre_Monsoon
3/24/2024,31.97083333,53.4,10.7875,1.945353504,-5.37311467,25.39583333,78.08333333,,0.6,0.69497512,36.06274842,0,90.85833333,Pre_Monsoon
3/25/2024,37.925,74,9.470833333,1.27239657,-6.460602305,25.27916667,80.04166667,,4.2,0.642165799,35.98186488,0,92.875,Pre_Monsoon
3/26/2024,60.0125,86.8,9.191666667,6.594871912,-0.504280782,26.1,68.625,,0,0.722214444,37.47838318,0,100.6708333,Pre_Monsoon
3/27/2024,57.5125,77.1,5.795833333,1.99848073,-0.275807637,25.625,75.79166667,,22,0.824273827,45.06965518,0,75.74583333,Pre_Monsoon
3/28/2024,59.28333333,76.6,5.379166667,3.156763191,-0.705703493,25.09166667,84.45833333,,11,0.96870137,44.5441562,0,51.53333333,Pre_Monsoon
3/29/2024,52.6125,74.3,6.291666667,3.468815101,-3.911328853,26.35416667,79.25,,0.5,1.240640373,54.08098797,0,48.575,Pre_Monsoon
3/30/2024,34.90416667,94.3,6.920833333,1.694405861,-1.620241058,26.92083333,84.58333333,,6.1,0.860835262,44.99744462,0,45.92916667,Pre_Monsoon
3/31/2024,29.97916667,63.3,13.8125,0.100813819,-11.76114863,27.8625,82.5,,0.7,0.718904686,40.53116067,0,31.97083333,Pre_Monsoon
4/1/2024,39.325,58.2,12.97916667,-4.08259684,-10.79740877,29.475,70.83333333,,0,0.687088522,45.85734073,0,37.925,Pre_Monsoon
4/2/2024,29.90833333,51.8,10.69583333,-1.491482065,-8.525765463,29.675,70.70833333,,0,0.564149687,44.65597012,0,60.0125,Pre_Monsoon
4/3/2024,33.98333333,63.8,13.37083333,-6.940363086,-10.35652928,30.0625,65.625,,0.1,0.4645107,43.64642985,0,57.5125,Pre_Monsoon
4/4/2024,35.77916667,59.6,13.2625,-5.073468652,-11.46776394,30.24583333,69.33333333,,0,0.76419915,54.48173826,0,59.28333333,Pre_Monsoon
4/5/2024,37.9375,78.7,9.858333333,-1.40935703,-7.150183183,30.26666667,73.08333333,,0.3,1.178803325,81.20573442,0,52.6125,Pre_Monsoon
4/6/2024,36.62083333,60.3,12.16666667,-5.280506376,-10.25880259,31.39166667,66.41666667,,0,0.567324424,52.06198416,0,34.90416667,Pre_Monsoon
4/7/2024,45.9625,77.3,9.129166667,-3.966791157,-6.3986113,29.77083333,72.04166667,,1.9,1.326440804,80.76055016,0,29.97916667,Pre_Monsoon
4/8/2024,76.56666667,102.7,10.2625,-8.693476408,-2.063683299,27.9875,64.33333333,,0.1,0.922917818,63.79978571,0,39.325,Pre_Monsoon
4/9/2024,67.77083333,105.9,4.445833333,-0.777121682,-0.938807257,28.29583333,61.91666667,,0,0.677274905,53.89500295,0,29.90833333,Pre_Monsoon
4/10/2024,82.1875,101,6.604166667,-2.039201267,-1.503007651,29.05,56.95833333,,0,0.619095837,63.97751192,0,33.98333333,Pre_Monsoon
4/11/2024,70.79166667,100.6,6.7875,-0.056500963,2.913876591,27.56666667,70.04166667,,0,0.875274847,73.9690792,0,35.77916667,Pre_Monsoon
4/12/2024,72.90416667,100.4,7.954166667,-0.652770852,3.913006445,29.54583333,55.04166667,,0.1,0.826230488,55.37895358,0,37.9375,Pre_Monsoon
4/13/2024,76.77083333,88,6.091666667,1.072759513,2.346070223,29.0625,55.41666667,,0.1,0.778893575,57.828879,0,36.62083333,Pre_Monsoon
4/14/2024,79.95,107.8,6.25,-3.317911,2.728581219,28.69583333,60.95833333,,0.8,0.917588167,79.36740272,0,45.9625,Pre_Monsoon
4/15/2024,77.79166667,105.5,5.9,-0.270191827,-0.022145671,30.55833333,56.41666667,,0.1,1.048582006,67.31364814,0,76.56666667,Pre_Monsoon
4/16/2024,65.85,98.7,9.129166667,1.171343668,-7.247605191,30.04166667,63.70833333,,0.6,1.036998694,58.11590455,0,67.77083333,Pre_Monsoon
4/17/2024,42.85416667,61.9,11.55416667,-0.255031128,-8.056166443,30.3,69.54166667,,1.5,0.834482859,62.47585358,0,82.1875,Pre_Monsoon
4/18/2024,33.26666667,54.5,10.25416667,3.595115842,-6.070015826,30.10833333,71,,0,0.731028279,53.09843687,0,70.79166667,Pre_Monsoon
4/19/2024,33.79583333,42.7,15.6875,-4.446980659,-12.04518289,31.5875,64.66666667,,0,0.519049483,43.46654201,0,72.90416667,Pre_Monsoon
4/20/2024,27.82916667,40.4,16.74166667,-6.613202642,-13.19862186,32.1875,62.70833333,,0,0.430390711,44.18691877,0,76.77083333,Pre_Monsoon
4/21/2024,24.30833333,34.7,16.84166667,-3.059406069,-15.81614455,32.03333333,68.125,,0,0.583307361,56.0776954,0,79.95,Pre_Monsoon
4/22/2024,31.3125,46.7,11.95,-3.881475844,-8.72127237,31.90833333,64.66666667,,0,0.505588508,47.89123985,0,77.79166667,Pre_Monsoon
4/23/2024,37.42916667,49.9,12.12916667,-4.922931068,-10.08177122,31.65,60.20833333,,0,0.518650029,53.84625517,0,65.85,Pre_Monsoon
4/24/2024,35.475,61.9,12.67916667,-3.997040669,-10.09142599,32.18333333,53.16666667,,0,0.553497916,47.05768202,0,42.85416667,Pre_Monsoon
4/25/2024,32.53333333,45.8,9.929166667,-1.105540679,-8.791265027,32.20833333,58.33333333,,0,0.491476247,49.08363732,0,33.26666667,Pre_Monsoon
4/26/2024,28.7125,42.7,14.26666667,-3.940974181,-12.25801935,32.14583333,63.75,,0,0.530879719,47.60745735,0,33.79583333,Pre_Monsoon
4/27/2024,28.25416667,41.1,13.65416667,-2.612606077,-11.52332655,32.3875,67.79166667,,0.1,0.575485904,48.01071194,0,27.82916667,Pre_Monsoon
4/28/2024,31.28333333,45.6,16.225,-5.539426411,-13.3481294,32.5625,66.91666667,,1.4,0.724528203,57.77079197,0,24.30833333,Pre_Monsoon
4/29/2024,32.98333333,41.7,13.84583333,-4.462154558,-10.53429842,33.6375,61.29166667,,0,0.623229355,53.45605031,0,31.3125,Pre_Monsoon
4/30/2024,33.61666667,48.4,16.62083333,-2.263338095,-15.58694902,33.125,62.83333333,,0,0.712486789,60.2915271,0,37.42916667,Pre_Monsoon
5/1/2024,23.95416667,35.2,12.77916667,-1.337130869,-11.66433072,33.3875,60.45833333,,0,0.660278673,50.07202221,0,35.475,Pre_Monsoon
5/2/2024,24.92916667,41.6,13.75,4.592480205,-9.917955257,29.65416667,77,,8.4,0.952609834,60.8169113,0,32.53333333,Pre_Monsoon
5/3/2024,20.5625,35.7,9.879166667,6.203797359,-5.92721584,30.78333333,67,,0,0.63897346,47.70007278,0,28.7125,Pre_Monsoon
5/4/2024,26.03333333,38.2,11.70833333,4.241265582,-9.815179565,31.28333333,65.45833333,,1.4,0.843211899,42.51415023,0,28.25416667,Pre_Monsoon
5/5/2024,24.7125,39,16.7875,7.819697938,-9.795024876,27.75416667,79.04166667,,18.4,0.941284873,38.03182276,0,31.28333333,Pre_Monsoon
5/6/2024,22.0375,34.9,14.10416667,11.36259552,-4.524609203,25.64583333,85.04166667,,9.7,0.954509711,39.25856281,0,32.98333333,Pre_Monsoon
5/7/2024,33.02083333,62.2,7.3375,4.595941258,1.276329339,27.37083333,72.95833333,,0.1,0.90803242,34.73014922,0,33.61666667,Pre_Monsoon
5/8/2024,48.9625,66.1,5.583333333,3.116456935,0.60442419,25.8625,80,,8.7,0.64834821,35.83442761,0,23.95416667,Pre_Monsoon
5/9/2024,49.8875,86.8,4.916666667,0.797237453,-0.503094749,27.64166667,75,,0.7,0.801295238,42.0926452,0,24.92916667,Pre_Monsoon
5/10/2024,61.31666667,80.6,7.620833333,2.762823024,-1.552587909,27.62916667,71.33333333,,1.8,0.927064416,46.06019463,0,20.5625,Pre_Monsoon
5/11/2024,36.65416667,54.4,6.7625,2.28057107,-3.133385422,27.67083333,77.83333333,,1.1,0.850443592,39.24075152,0,26.03333333,Pre_Monsoon
5/12/2024,32.55416667,53.4,4.816666667,2.421182525,-1.83260675,28.76666667,74.83333333,,0.8,0.866974803,51.67527317,0,24.7125,Pre_Monsoon
5/13/2024,32.58333333,60.1,4.654166667,-2.035872214,-3.764842338,29.8375,71.08333333,,0,0.612652518,47.27152005,0,22.0375,Pre_Monsoon
5/14/2024,42.39583333,53.9,5.695833333,-1.880233553,-3.241196783,30.775,65.83333333,,0.8,0.507976934,41.9433497,0,33.02083333,Pre_Monsoon
5/15/2024,45.2,74.7,6.441666667,-3.123371021,-5.028490889,32.22916667,61.04166667,,0,0.633661259,51.22341963,0,48.9625,Pre_Monsoon
5/16/2024,42.90833333,73.6,8.204166667,-6.931563557,-4.071559158,32.93333333,54.625,,0,0.541995765,47.40202955,0,49.8875,Pre_Monsoon
5/17/2024,35.17083333,54.1,11.45833333,-6.596102767,-8.257300949,33.56666667,55.16666667,,0,0.839997997,43.97363427,0,61.31666667,Pre_Monsoon
5/18/2024,28.025,49.8,12.4375,-0.662247594,-9.708576703,32.12916667,66.70833333,,2.8,1.435653172,67.57461013,0,36.65416667,Pre_Monsoon
5/19/2024,27.8625,44.2,10.00833333,1.562511998,-8.798559095,29.92083333,77.375,,0.5,1.165819898,67.51183846,0,32.55416667,Pre_Monsoon
5/20/2024,21.35833333,31.2,8.191666667,2.570030832,-5.059362937,28.49583333,84,,5.3,0.923875685,48.9205232,0,32.58333333,Pre_Monsoon
5/21/2024,34.84583333,59.4,5.975,0.702686081,-3.5112434,29.49166667,75.91666667,,3.6,0.903468279,41.88102225,0,42.39583333,Pre_Monsoon
5/22/2024,42.54583333,78.7,5.470833333,1.545290639,-0.878603338,29.87083333,73.54166667,,0.1,0.6741555,34.27632139,0,45.2,Pre_Monsoon
5/23/2024,47.99166667,80.3,4.595833333,-1.140426157,0.350840395,31.4125,67.20833333,,0,0.500768382,34.87573786,0,42.90833333,Pre_Monsoon
5/24/2024,56.7375,86.4,5.425,-1.35051034,-0.356082007,32.44583333,62.83333333,,0,0.360928703,30.02188574,0,35.17083333,Pre_Monsoon
5/25/2024,29.09583333,63.3,9.629166667,1.407006196,-8.128159391,33.18333333,61.79166667,,0.4,0.247629126,22.47652067,0,28.025,Pre_Monsoon
5/26/2024,11.825,22,19.45,18.05383697,-1.816463093,30.37916667,72.45833333,,8,0.270781629,17.15979344,0,27.8625,Pre_Monsoon
5/27/2024,14.6,24.8,41.65,26.03698058,-20.58422753,26.7,91.04166667,,174.7,1.005363408,101.9943743,0,21.35833333,Pre_Monsoon
5/28/2024,23.25416667,43.9,24.71666667,-16.47257953,-14.08808954,28.34166667,81.83333333,,21.5,0.53245004,49.12677369,0,34.84583333,Pre_Monsoon
5/29/2024,25.0875,32.1,22.29166667,-0.890068222,-21.93920181,31.62083333,80.29166667,,1,0.938472013,69.93584291,0,42.54583333,Pre_Monsoon
5/30/2024,25.42083333,39.6,20.35833333,3.151289222,-18.61869715,30.60416667,82.66666667,,7.6,0.973456718,66.03620955,0,47.99166667,Pre_Monsoon
5/31/2024,26.4375,44,13.29166667,-1.589583252,-12.67718327,31.0375,77.29166667,,0.3,0.929768289,50.19279244,0,56.7375,Pre_Monsoon
6/1/2024,22.4875,34,12.4,0.840242833,-11.81107799,30.04166667,79.66666667,,0.9,0.854313406,60.76959931,0,29.09583333,Monsoon
6/2/2024,28.24166667,42.5,12.45416667,1.605806458,-12.05185134,30.04166667,81.66666667,,1.4,0.746600961,54.00048796,0,11.825,Monsoon
6/3/2024,23.68333333,32.9,14.8875,1.730273122,-13.88561654,29.4125,83.45833333,,6.2,0.860383458,61.95006807,0,14.6,Monsoon
6/4/2024,20.14583333,29.2,13.71666667,3.307896174,-13.1522959,29.30833333,83,,7.3,0.982070115,55.02004135,0,23.25416667,Monsoon
6/5/2024,24.025,40.3,9.741666667,4.360575778,-7.469641867,30.05833333,80.83333333,,2.3,0.81463184,38.63064918,0,25.0875,Monsoon
6/6/2024,49.13333333,93.4,8.991666667,2.716333618,-4.379794768,29.4125,85.875,,32.3,1.105551039,55.55890901,0,25.42083333,Monsoon
6/7/2024,49.0625,78.2,7.879166667,3.726412415,-4.365815598,29.82916667,82.20833333,,9.3,0.996982632,65.13759306,0,26.4375,Monsoon
6/8/2024,33.65416667,46.8,13.23333333,1.447069203,-10.68374058,30.325,78.375,,13.8,0.86718003,43.12241723,0,22.4875,Monsoon
6/9/2024,28.14166667,52.5,15.14583333,2.391013463,-13.65420558,30.40833333,80.625,,2.6,1.108844345,44.69234634,0,28.24166667,Monsoon
6/10/2024,31.87916667,59.3,13.24583333,0.924313496,-12.29303854,31.5375,77.16666667,,0.1,1.075187233,45.55993249,0,23.68333333,Monsoon
6/11/2024,20.075,31.1,12.05833333,3.00432091,-11.41895351,31.27083333,74.625,,0.2,0.922507105,31.65583779,0,20.14583333,Monsoon
6/12/2024,18.36666667,23,11.85,1.918633152,-11.3409377,30.38333333,78.875,,3.1,0.811994635,34.76681415,0,24.025,Monsoon
6/13/2024,18.50833333,36.3,16.52083333,3.359438701,-15.66489177,29.8,80.625,,3.5,0.937647107,37.15621579,0,49.13333333,Monsoon
6/14/2024,41.83333333,55.2,16.55833333,5.871941803,-14.98800432,29.675,83.20833333,,4.4,1.098241645,72.37637952,0,49.0625,Monsoon
6/15/2024,39.46666667,45.3,18.20416667,2.505636633,-17.74422761,30.94166667,78.625,,0.1,1.138009475,68.36099598,0,33.65416667,Monsoon
6/16/2024,38.47083333,56,16.32083333,2.297846276,-15.26182566,30.02083333,81,,9.6,0.953116395,62.82727175,0,28.14166667,Monsoon
6/17/2024,32.1125,42.1,17.5375,0.687021032,-16.80184427,30.32916667,81.125,,2.8,1.114035109,64.27087284,0,31.87916667,Monsoon
6/18/2024,30.35,39.9,18.75,1.721259642,-17.13880447,29.07083333,86.33333333,,24.5,0.9710042,54.41129067,0,20.075,Monsoon
6/19/2024,23.3,29.2,18.03333333,3.016642423,-17.07451234,27.7625,89.91666667,,31.5,0.836890459,50.77899515,0,18.36666667,Monsoon
6/20/2024,19.07083333,26.8,12.5,3.860216539,-11.4696984,28.25416667,85.20833333,,8.9,0.592928408,22.93503256,0,18.50833333,Monsoon
6/21/2024,27.9875,47.6,6.6,3.048330467,-4.425414657,28.95,79.91666667,,6.4,0.567652191,27.62499968,0,41.83333333,Monsoon
6/22/2024,26.25416667,35.5,6.708333333,2.273910928,-5.884352635,29.21666667,81.79166667,,7.6,0.38285465,39.05044405,0,39.46666667,Monsoon
6/23/2024,21.84166667,34.1,8.6,2.335988081,-7.996590746,29.64583333,81.79166667,,1.5,0.261930349,21.48203786,0,38.47083333,Monsoon
6/24/2024,18.35,23.7,10.68333333,0.241991191,-10.42201416,30.00416667,81.08333333,,1.5,0.330030462,26.51013281,0,32.1125,Monsoon
6/25/2024,21.025,38.9,9.416666667,2.491366875,-8.646485974,30.05416667,80.70833333,,4.4,0.255034519,27.12573286,0,30.35,Monsoon
6/26/2024,22.57083333,37,6.245833333,2.254297439,-4.154808795,29.275,84.29166667,,25.1,0.183072338,17.99744999,0,23.3,Monsoon
6/27/2024,11.6625,16.9,12.62083333,7.269394586,-10.05653053,29.3125,82.25,,6.2,0.140040232,13.81011673,0,19.07083333,Monsoon
6/28/2024,8.175,12.5,18.2625,9.354588883,-15.53262361,28.69166667,83.16666667,,11,0.213301869,20.93572285,0,27.9875,Monsoon
6/29/2024,8.470833333,11.9,17.79583333,5.933346291,-16.54780361,28.72916667,83.95833333,,13.6,0.279006555,24.2858578,0,26.25416667,Monsoon
6/30/2024,9.433333333,12,17.35416667,1.734426442,-16.77637769,27.8375,88.125,,14.8,0.419163264,50.0989562,0,21.84166667,Monsoon
7/1/2024,13.35416667,21.7,15.35416667,-4.168618847,-14.18791383,27.10416667,92.45833333,538.8888889,27.7,0.460106048,24.27138723,0,18.35,Monsoon
7/2/2024,16.65,29.4,11.3875,0.012562519,-11.22138925,27.24583333,90.875,439.5833333,27.4,0.337614492,18.44428203,0,21.025,Monsoon
7/3/2024,18.7625,34.1,12.2,4.415121372,-10.95474471,27.49583333,87.20833333,460.4166667,8.7,0.231979358,19.41519433,0,22.57083333,Monsoon
7/4/2024,9.3375,12.7,15.425,6.219818585,-13.48743004,27.40833333,89.08333333,536.25,14.1,0.155002669,15.67424372,0,11.6625,Monsoon
7/5/2024,8.591666667,11.6,16.42916667,2.773363996,-15.73369649,27.9375,86.58333333,505.4166667,11,0.177067664,18.55121384,0,8.175,Monsoon
7/6/2024,13.20416667,19.8,14.89583333,4.100003509,-14.11976522,28.475,83.33333333,559.375,2.9,0.139609592,17.35120596,0,8.470833333,Monsoon
7/7/2024,16.875,31,10.45,3.148981943,-9.28130125,29.00416667,82.04166667,451.875,3.5,0.124463674,14.58982432,0,9.433333333,Monsoon
7/8/2024,14.2875,20.2,11.20833333,2.779864023,-10.66737137,28.90833333,82.625,470.8333333,0.7,0.120054797,14.40572616,0,13.35416667,Monsoon
7/9/2024,11.25,15.6,12.59166667,3.417571678,-11.77866931,28.6375,83.58333333,522.0833333,3.8,0.104582442,11.58212972,0,16.65,Monsoon
7/10/2024,13.60833333,21,13.74583333,-0.285449909,-13.49853875,28.6375,83.66666667,629.5833333,5,0.254501905,23.54451377,0,18.7625,Monsoon
7/11/2024,17.75833333,24.1,14.3625,-1.098067673,-13.77619801,28.48333333,85.29166667,628.125,20.9,0.412678144,33.08663515,0,9.3375,Monsoon
7/12/2024,14.0625,20.3,13.91666667,3.199479956,-13.24030124,27.7375,87.41666667,511.875,4.6,0.263360379,21.86758098,0,8.591666667,Monsoon
7/13/2024,15.15,21.3,9.35,2.293952181,-8.739317729,28.99583333,81.70833333,448.75,1.4,0.246913103,22.42017203,0,13.20416667,Monsoon
7/14/2024,14.5375,20.8,10.35,5.767520444,-8.286120001,29.39583333,80.25,538.9583333,1,0.138893069,12.23971754,0,16.875,Monsoon
7/15/2024,11.17083333,14,13.5,9.127294315,-8.680931229,29.8375,78.5,662.9166667,2,0.133110522,15.64891592,0,14.2875,Monsoon
7/16/2024,9.429166667,13.3,12.85,8.951637995,-8.275027779,29.21666667,80.625,670.4166667,2.6,0.138672409,11.95415899,0,11.25,Monsoon
7/17/2024,15.08333333,36.1,8.666666667,4.946143618,-6.523538619,29.98333333,79.16666667,577.2916667,1.1,0.153759934,16.48352897,0,13.60833333,Monsoon
7/18/2024,22.275,40.4,7.9,4.166208291,-3.710405453,30.43333333,77.875,562.5,1.1,0.158334751,14.83837188,0,17.75833333,Monsoon
7/19/2024,10.8125,19,14.12916667,10.08520646,-9.169857829,30.15833333,78.29166667,751.875,0.6,0.147443614,12.69848229,0,14.0625,Monsoon
7/20/2024,7.166666667,10.4,17.80416667,11.78861347,-12.82596379,29.73333333,77.29166667,800,1.7,0.157082551,13.87728683,0,15.15,Monsoon
7/21/2024,7.733333333,9.9,17.775,10.3777717,-14.14835313,29.0625,81.29166667,705.4166667,3.8,0.17848793,18.02395599,0,14.5375,Monsoon
7/22/2024,8.220833333,9.7,19.14583333,9.168521371,-16.65530567,27.80833333,85.41666667,605.625,17.7,0.169468793,17.99145094,0,11.17083333,Monsoon
7/23/2024,7.7,10.9,19.85,11.95274643,-15.65308636,28.825,80.58333333,687.7083333,2.7,0.131172164,13.64985421,0,9.429166667,Monsoon
7/24/2024,11.7875,15.4,15.73333333,9.1941112,-12.32817835,29.04166667,83.08333333,527.5,4.5,0.220742711,20.66151715,0,15.08333333,Monsoon
7/25/2024,12.69583333,19.8,14.6375,12.59015207,-6.778954425,29.5125,80.08333333,612.7083333,1.4,0.14360883,12.04705849,0,22.275,Monsoon
7/26/2024,9.816666667,12.2,17.48333333,15.09161409,-7.111300894,29.72083333,79.08333333,740.625,2.2,0.159574108,15.81920697,0,10.8125,Monsoon
7/27/2024,8.404166667,15.9,18.40416667,12.8422926,-12.48458373,29.6625,78.83333333,736.6666667,1.1,0.169669118,17.96239936,0,7.166666667,Monsoon
7/28/2024,11.7875,15.4,14.1,9.945646514,-8.981568656,29.81666667,77.75,693.3333333,1.2,0.151741288,14.61657986,0,7.733333333,Monsoon
7/29/2024,8.7125,12.3,15.19166667,10.20377996,-10.70931948,29.50833333,79.79166667,629.5833333,1.7,0.164149191,12.57883573,0,8.220833333,Monsoon
7/30/2024,11.9875,17.3,13.44583333,4.86414807,-12.26573951,28.8875,83.45833333,445.625,15.7,0.223916416,19.9343882,0,7.7,Monsoon
7/31/2024,14.71666667,20.3,11.18333333,6.371803259,-8.78653055,28.39583333,84.04166667,368.3333333,8.9,0.128991074,13.82053832,0,11.7875,Monsoon
8/1/2024,9.941666667,15.1,18.125,8.924989189,-14.57481141,26.62916667,91.04166667,600.2083333,46.9,0.178486613,20.41853206,0,12.69583333,Monsoon
8/2/2024,15.55,23.6,19.44583333,9.293362575,-16.61993635,25.80833333,94.33333333,609.5833333,66.4,0.191899987,18.62828984,0,9.816666667,Monsoon
8/3/2024,10.625,18.9,15.925,6.762632069,-14.19887156,26.85833333,89.16666667,629.1666667,25,0.225371257,29.02678492,0,8.404166667,Monsoon
8/4/2024,13.48333333,20.2,12.1125,4.489143049,-10.65019265,27.43333333,85.16666667,424.375,8.8,0.193699534,19.84146228,0,11.7875,Monsoon
8/5/2024,15.93333333,22.1,12.09583333,3.76526019,-11.28519839,28.24166667,84.58333333,470.2083333,11.6,0.209179617,20.43773048,0,8.7125,Monsoon
8/6/2024,11.6625,14.9,11.925,7.287061562,-9.333421579,28.2,83.45833333,550.4166667,5.2,0.128200257,12.13812652,0,11.9875,Monsoon
8/7/2024,10.02916667,12.9,14.325,7.958131086,-11.32718791,27.87916667,83.91666667,573.3333333,10.2,0.129223579,15.34917042,0,14.71666667,Monsoon
8/8/2024,10.7625,14.4,15.10833333,5.906362405,-13.30453731,27.49166667,84,510.2083333,3.7,0.196880647,20.03621295,0,9.941666667,Monsoon
8/9/2024,11.01666667,16.8,15.05,3.674990335,-14.00508443,27.1,87.16666667,572.7083333,25.8,0.243666222,19.45963532,0,15.55,Monsoon
8/10/2024,18.27916667,26.7,14.6625,2.787683495,-14.02783108,27.63333333,85.16666667,499.1666667,5.1,0.341359995,35.34632929,0,10.625,Monsoon
8/11/2024,19.375,23.9,12.37083333,-0.235313392,-11.84007107,27.74166667,86.70833333,420.2083333,4.3,0.280284821,17.22062568,0,13.48333333,Monsoon
8/12/2024,22.41666667,30.5,10.00416667,1.45452032,-9.114090702,28.0625,86.16666667,444.7916667,5.1,0.348583445,32.71796192,0,15.93333333,Monsoon
8/13/2024,20.3,23.9,7.6625,3.122776436,-6.582256351,28.65,85.625,346.25,12.7,0.247966457,28.23292584,0,11.6625,Monsoon
8/14/2024,17.45416667,22.3,8.8125,5.471329027,-6.373497527,28.9,84.95833333,436.875,11.1,0.240548,24.18922905,0,10.02916667,Monsoon
8/15/2024,14.8625,22.6,11.29166667,7.651080519,-7.603056296,28.875,81.91666667,485.8333333,2.5,0.147140999,14.06791732,0,10.7625,Monsoon
8/16/2024,12.10833333,14.7,14.07083333,13.2215011,-3.919766276,28.1125,82.75,498.5416667,1.6,0.1428955,11.92146827,0,11.01666667,Monsoon
8/17/2024,14.125,25.8,16.6375,14.72445905,7.033627825,27.49166667,84,686.875,6,0.167402317,10.0060462,0,18.27916667,Monsoon
8/18/2024,13.14166667,20.9,15.85,14.74326575,-4.985272984,27.18333333,87.875,531.0416667,8.1,0.267281928,12.15371487,0,19.375,Monsoon
8/19/2024,12.84583333,24.6,16.2375,9.825332597,-3.218146899,25.6875,93.25,455.625,41.8,0.281598556,14.83489086,0,22.41666667,Monsoon
8/20/2024,20.0125,28.9,9.116666667,-3.406446016,-7.799030144,26.51666667,89.33333333,451.6666667,23.9,0.336473431,18.9661487,0,20.3,Monsoon
8/21/2024,12.2375,27.2,12.12916667,-1.67563437,-11.73697587,26.30416667,92.58333333,339.375,50.1,0.409372749,25.66215102,0,17.45416667,Monsoon
8/22/2024,15.36666667,26.4,10.20416667,-0.099724756,-8.672186645,26.45833333,92.83333333,374.7916667,22.4,0.233193041,8.676560213,0,14.8625,Monsoon
8/23/2024,8.279166667,14,13.89583333,9.824447205,-9.418442745,26.68333333,90.66666667,485.4166667,16.4,0.150870925,9.727342279,0,12.10833333,Monsoon
8/24/2024,9.408333333,15.1,11.45,6.604704114,-8.783617255,27.575,85.91666667,492.2916667,9.2,0.118503102,8.568829992,0,14.125,Monsoon
8/25/2024,10.0125,13.9,15.02916667,13.18126622,-4.108222338,26.33333333,88.04166667,520.2083333,21.6,0.105157717,8.128624867,0,13.14166667,Monsoon
8/26/2024,8.458333333,13.1,17.9375,14.91816286,-9.369213485,26.20833333,89,539.7916667,5.7,0.119184498,10.51022826,0,12.84583333,Monsoon
8/27/2024,11.70833333,20.1,11.0125,6.79385495,-7.939357886,27.07916667,87.625,454.375,9.5,0.118850967,7.511625922,0,20.0125,Monsoon
8/28/2024,20.46666667,33.2,7.283333333,2.578396312,-6.575680554,27.94166667,84.91666667,325.4166667,6.8,0.163726508,9.702161413,0,12.2375,Monsoon
8/29/2024,21.5625,41.4,5.966666667,0.776722438,-5.152611192,29.0125,80.29166667,470.2083333,0.2,0.167557918,10.97968674,0,15.36666667,Monsoon
8/30/2024,16.80833333,24.4,8.179166667,3.772903113,-6.037259823,29.4375,77.79166667,450.2083333,8,0.177080959,13.89721537,0,8.279166667,Monsoon
8/31/2024,9.720833333,16.4,13.7125,6.972957496,-11.55820792,29.19583333,80.04166667,575.625,1.5,0.149696017,12.71867406,0,9.408333333,Monsoon
9/1/2024,16.38333333,32.8,8.058333333,4.87212684,-5.726493496,28.01666667,86.41666667,420.625,8.2,0.175604525,12.5274938,0,10.0125,Monsoon
9/2/2024,21.1375,49,4.145833333,1.951042145,-2.096155655,28.74583333,83.79166667,368.75,3.6,0.270721756,17.15665752,0,8.458333333,Monsoon
9/3/2024,21.225,42.1,5.825,2.294448675,-4.263110506,27.95833333,87.08333333,348.5416667,11.9,0.226703686,15.03506726,0,11.70833333,Monsoon
9/4/2024,20.1,41,6.504166667,0.51399201,-5.760753352,28.80833333,82.66666667,463.9583333,2.8,0.170038622,12.77182848,0,20.46666667,Monsoon
9/5/2024,17.95416667,31.4,4.3625,1.049538405,-2.141560728,28.67083333,84.5,340.2083333,6.6,0.185468453,13.14301862,0,21.5625,Monsoon
9/6/2024,26.5,60.3,4.220833333,1.996918092,0.391275482,29.03333333,83.875,322.7083333,7.9,0.175005032,12.5764651,0,16.80833333,Monsoon
9/7/2024,24.70416667,44.2,4.7875,2.376107213,-2.946220526,29.28333333,84.08333333,381.6666667,3.8,0.1833856,17.30598491,0,9.720833333,Monsoon
9/8/2024,15.46666667,28.6,8.6375,4.85208076,-5.997534967,29.375,82,444.375,4.1,0.18795797,18.34680809,0,16.38333333,Monsoon
9/9/2024,9.875,13.4,14.3375,8.660569533,-10.74269646,29.34583333,80.41666667,661.25,1.2,0.155855338,12.73301921,0,21.1375,Monsoon
9/10/2024,11.54166667,17,13,8.826057448,-9.177083334,28.5375,83.375,502.5,0.7,0.207893554,18.33580853,0,21.225,Monsoon
9/11/2024,15.97083333,27.8,9.7875,6.569527928,-6.682512414,28.95,83.16666667,444.7916667,3.7,0.250776505,23.37102698,0,20.1,Monsoon
9/12/2024,30.5125,37.8,7.5875,-1.927401258,4.095275289,29.85,81.95833333,400,11.6,0.185740034,19.42812403,0,17.95416667,Monsoon
9/13/2024,20.68333333,39.1,11.84166667,4.878137826,8.549861579,29.30416667,75.66666667,658.3333333,3.3,0.142520018,15.10115917,0,26.5,Monsoon
9/14/2024,5.795833333,10.7,26.6375,25.48906667,-3.234915231,25.77083333,90.29166667,940.625,57,0.257966175,23.78527376,0,24.70416667,Monsoon
9/15/2024,10.27916667,18.9,26.88333333,24.13415915,-11.39069652,25.52083333,92.20833333,879.5833333,41.4,0.328166677,18.43117229,0,15.46666667,Monsoon
9/16/2024,18.98333333,31.3,16.04166667,11.21620256,-10.3107176,27.32083333,86.66666667,619.375,15.9,0.368511241,34.72277806,0,9.875,Monsoon
9/17/2024,28.35833333,64.7,6.204166667,3.918409188,-4.375546698,28.6375,83.70833333,422.7083333,0.1,0.289443217,39.35599264,0,11.54166667,Monsoon
9/18/2024,42.72083333,68.7,5.220833333,-3.906185298,0.939713963,29.84583333,79.83333333,411.6666667,0,0.290028702,38.6003853,0,15.97083333,Monsoon
9/19/2024,47.3625,69.4,5.683333333,-3.573919518,2.791196509,30.51666667,78.75,394.1666667,1.8,0.312507837,39.29389681,0,30.5125,Monsoon
9/20/2024,50.27916667,67.1,6.420833333,-3.690268624,4.08631337,31.15416667,76.41666667,450,0,0.270339253,38.21155914,0,20.68333333,Monsoon
9/21/2024,63.475,115.9,7.129166667,-2.568963977,2.762176898,30.72916667,77.875,453.9583333,7.6,0.326020806,26.62824533,0,5.795833333,Monsoon
9/22/2024,76.66666667,116.2,5.583333333,-1.406275096,4.285669509,30.76666667,78.79166667,403.125,0,0.332621545,22.20771927,0,10.27916667,Monsoon
9/23/2024,57.39166667,103.4,7.5125,0.805580542,-4.588752363,30.66666667,81.45833333,406.875,2.6,0.330004547,30.27488651,0,18.98333333,Monsoon
9/24/2024,12.475,20.2,12.25,7.757778921,-8.731602698,28.46666667,83.875,533.75,8.9,0.223969859,16.5711454,0,28.35833333,Monsoon
9/25/2024,7.0625,10.2,15.69166667,12.07130582,-9.518057776,26.09166667,90.75,507.7083333,32.9,0.178412397,13.45459017,0,42.72083333,Monsoon
9/26/2024,12.55,21.1,11.56666667,7.86854019,-7.838445645,26.32083333,91.125,418.9583333,20,0.209886437,16.61024419,0,47.3625,Monsoon
9/27/2024,16.09583333,27.7,9.166666667,4.570799496,-5.955665377,27.2375,87.25,370.8333333,4.8,0.183308554,14.59077749,0,50.27916667,Monsoon
9/28/2024,16.1,24,8.204166667,-0.408072902,-7.689398383,27.70416667,87.375,379.375,4.9,0.159001403,13.31405836,0,63.475,Monsoon
9/29/2024,22.2625,39.7,7.945833333,-4.794302198,-5.358381157,28.20833333,86.91666667,370.4166667,2.3,0.266218774,17.16193445,0,76.66666667,Monsoon
9/30/2024,40.78333333,88,6.845833333,-4.242365951,-3.709517039,28.85,86.125,370.2083333,2,0.556968603,33.09929203,0,57.39166667,Monsoon
10/1/2024,52.99166667,68.7,5.2625,-0.309287214,-1.499740682,28.4375,87.41666667,334.5833333,5.6,0.397814644,32.30962507,0,12.475,Post_Monsoon
10/2/2024,29.24166667,55.3,5.329166667,-0.610673612,3.493844347,27.6875,87.66666667,319.7916667,21.8,0.288921455,26.04031643,0,7.0625,Post_Monsoon
10/3/2024,33.425,48.4,8.354166667,2.921051052,-3.886763039,25.79583333,94.16666667,293.5416667,67.3,0.416780576,51.88111821,0,12.55,Post_Monsoon
10/4/2024,18.5375,28.3,11.60416667,4.408385273,-10.27833018,26.43333333,91.20833333,474.7916667,34,0.516702424,40.62055333,0,16.09583333,Post_Monsoon
10/5/2024,21.29583333,37.4,9.375,3.242171116,-8.111076244,25.32083333,93.91666667,341.0416667,66,0.451608832,30.77891599,0,16.1,Post_Monsoon
10/6/2024,19.175,43.7,7.941666667,5.122456506,-4.987789851,27.28333333,86.5,356.0416667,2.4,0.340243513,28.89166585,0,22.2625,Post_Monsoon
10/7/2024,24.6625,43.4,4.541666667,3.064377485,-1.388948206,27,89.125,272.2916667,4,0.27839643,23.7981422,0,40.78333333,Post_Monsoon
10/8/2024,32.24583333,61.7,4.0125,-1.586901616,-1.00499408,27.35,88.45833333,331.875,6,0.298222491,18.61381055,0,52.99166667,Post_Monsoon
10/9/2024,32.30416667,55.8,4.841666667,-0.649845175,-2.452573199,26.82083333,88.5,376.875,14.3,0.532932603,33.0256494,0,29.24166667,Post_Monsoon
10/10/2024,31.90833333,44,5.470833333,-1.630883197,-4.637858263,26.54166667,88.875,280,6,1.045906116,79.49575004,0,33.425,Post_Monsoon
10/11/2024,32.91666667,66.6,5.875,-0.951539894,-2.176663195,27.18333333,86.95833333,332.9166667,12,0.764548659,46.736139,0,18.5375,Post_Monsoon
10/12/2024,61.67916667,116.2,5.283333333,-0.140330772,-2.085079024,27.05833333,87.83333333,346.4583333,7.2,0.724911926,42.75385702,0,21.29583333,Post_Monsoon
10/13/2024,81.67916667,109.7,5.154166667,1.728240711,1.794845095,27.8,81,390.2083333,0,0.751172799,65.52016596,0,19.175,Post_Monsoon
10/14/2024,82.01666667,101,5.716666667,-0.196463201,4.86728525,27.475,76.91666667,409.5833333,0,0.616152412,64.49677203,0,24.6625,Post_Monsoon
10/15/2024,84.15,103.6,4.704166667,0.525166956,1.709326882,27.30416667,79.83333333,368.9583333,0.7,0.781469699,66.57983908,0,32.24583333,Post_Monsoon
10/16/2024,91.05416667,142.5,4.495833333,-0.886207661,0.260018988,27.89583333,76.66666667,388.5416667,0.2,1.072062425,80.49111627,0,32.30416667,Post_Monsoon
10/17/2024,93.10833333,127.6,4.566666667,0.406273501,-0.106673207,26.96666667,83.375,283.75,5.2,1.139365254,98.11298774,0,31.90833333,Post_Monsoon
10/18/2024,68.32916667,108.3,6.129166667,1.168444031,2.88479794,25.89166667,88.5,315.4166667,13.3,1.31896684,101.7544871,0,32.91666667,Post_Monsoon
10/19/2024,42.62916667,93.6,4.391666667,0.757548471,1.673606603,26.5125,85.66666667,278.75,13.2,1.377885114,97.79817502,0,61.67916667,Post_Monsoon
10/20/2024,69.77916667,93.8,6.470833333,-0.536532524,6.175129422,26.21666667,81.83333333,400.625,0,0.722461879,54.2387836,0,81.67916667,Post_Monsoon
10/21/2024,60.62083333,90.8,5.779166667,-1.725752895,5.34340519,26.2625,78.25,377.2916667,0,0.562784307,50.9657063,0,82.01666667,Post_Monsoon
10/22/2024,60.9,86.4,6.616666667,-0.568244231,6.387969584,27.70833333,78.75,355.4166667,0,0.317972027,33.14697693,0,84.15,Post_Monsoon
10/23/2024,29.63333333,56.7,7.920833333,3.728903343,5.78143572,26.73333333,82.625,262.5,5.9,0.132176177,18.38568228,0,91.05416667,Post_Monsoon
10/24/2024,13.36666667,16.1,15.81666667,12.71393903,8.997759562,25.22916667,84.125,455.2083333,7.9,0.10616833,9.800684397,0,93.10833333,Post_Monsoon
10/25/2024,26.68333333,52.9,11.475,10.69551822,-0.941605856,26.1375,84.91666667,427.0833333,11.6,0.110033552,9.675419804,0,68.32916667,Post_Monsoon
10/26/2024,34.37916667,46.9,10.6125,9.590132692,-2.63360616,26.17916667,86.91666667,336.0416667,7.6,0.29630964,24.18844495,0,42.62916667,Post_Monsoon
10/27/2024,53.9375,93.6,4.225,-1.111364885,0.904193976,27.2625,81.58333333,338.9583333,0,0.451743122,41.46449731,0,69.77916667,Post_Monsoon
10/28/2024,61.90416667,91.5,6.658333333,-0.967595525,5.755989982,27.1,79.54166667,380.8333333,0,0.430512213,39.26502838,0,60.62083333,Post_Monsoon
10/29/2024,77.08333333,98,4.791666667,-3.035642732,1.209960462,27.3875,76.66666667,350.4166667,0,0.40446587,33.79273068,0,60.9,Post_Monsoon
10/30/2024,79.64166667,136.4,5,-0.914322037,0.653189356,27.27083333,82.16666667,300.8333333,0.8,0.645962296,48.16014951,0,29.63333333,Post_Monsoon
10/31/2024,70.775,136,4.616666667,-2.706989334,-1.815111427,26.76666667,87,273.125,1.7,0.79669653,56.16442359,0,13.36666667,Post_Monsoon
11/1/2024,62.97916667,88.5,4.445833333,0.600276985,2.314932259,27.16666667,80.54166667,388.3333333,0,0.584891391,43.4123854,0,26.68333333,Post_Monsoon
11/2/2024,82.55416667,105.2,6.316666667,-0.510067365,5.261917923,26.26666667,78.75,357.7083333,0,0.765053543,75.86259022,0,34.37916667,Post_Monsoon
11/3/2024,106.2083333,160.7,5.275,-1.33217376,4.466478711,26.22083333,75.95833333,381.0416667,0,0.578608431,70.41140865,0,53.9375,Post_Monsoon
11/4/2024,107.9625,159.3,5.741666667,0.265464581,4.917551033,25.9625,75.04166667,361.6666667,0,0.591614692,44.96093753,0,61.90416667,Post_Monsoon
11/5/2024,72.9125,109.7,5.416666667,1.809946887,3.264373219,26.04583333,73.375,262.2916667,0.5,0.404408341,31.86822124,0,77.08333333,Post_Monsoon
11/6/2024,58.70416667,88,5.545833333,2.037236984,3.526715595,25.00416667,76.33333333,298.9583333,1.9,0.298674179,22.22196367,0,79.64166667,Post_Monsoon
11/7/2024,49.14166667,75.2,6.633333333,2.462709171,5.985451138,25.22083333,76.20833333,383.125,0,0.159837857,16.87390338,0,70.775,Post_Monsoon
11/8/2024,30.73333333,40.6,7.541666667,3.742334418,6.343955334,25.27083333,72.16666667,398.9583333,0,0.102876838,11.83166534,0,62.97916667,Post_Monsoon
11/9/2024,29.03333333,55.3,8.554166667,2.532427516,7.923278094,24.59583333,71.875,369.7916667,0,0.103761459,13.45309613,0,82.55416667,Post_Monsoon
11/10/2024,45.39166667,92.7,5.858333333,1.050597915,5.361017497,24.77916667,71.33333333,405,0,0.106613298,12.97186972,0,106.2083333,Post_Monsoon
11/11/2024,45.82916667,81.7,6.15,-1.428605224,4.600875246,25.53333333,65.58333333,444.7916667,0,0.145569834,13.50079004,0,107.9625,Post_Monsoon
11/12/2024,37.07916667,56.2,5.925,-0.89752854,4.985906204,25.64583333,65.75,428.9583333,0,0.280486201,23.24248501,0,72.9125,Post_Monsoon
11/13/2024,47.98333333,92.4,4.65,-0.090126317,4.354884032,25.72916667,69.58333333,481.875,0,0.209270383,23.61825085,0,58.70416667,Post_Monsoon
11/14/2024,80.08333333,100.1,6.3,-2.158132648,5.773427296,25.2875,70.70833333,522.0833333,0,0.306508218,36.30125833,0,49.14166667,Post_Monsoon
11/15/2024,101.6375,134.1,5.7625,-2.352369817,4.870123882,24.72083333,69.5,512.7083333,0,0.41022412,46.60903753,0,30.73333333,Post_Monsoon
11/16/2024,118.6416667,136.9,5.8625,-3.291653278,4.266969677,23.89166667,69.625,409.7916667,0,0.550317835,68.61655007,0,29.03333333,Post_Monsoon
11/17/2024,106.3583333,148.5,5.283333333,-3.368080723,1.932548791,23.04166667,64,345.8333333,0,0.586848489,75.14690085,0,45.39166667,Post_Monsoon
11/18/2024,120.6583333,187.2,2.666666667,0.103517962,1.499852697,22.65416667,69.20833333,319.5833333,0,0.381614733,53.53168515,0,45.82916667,Post_Monsoon
11/19/2024,79.375,128.5,3.9625,1.094153528,3.476671412,22.9625,69.625,345.625,0,0.133150486,22.60118467,0,37.07916667,Post_Monsoon
11/20/2024,56.2125,84.1,4.5,-1.676189917,0.988465425,22.77916667,63.25,312.2916667,0,0.190515081,24.64595227,0,47.98333333,Post_Monsoon
11/21/2024,75.91666667,149.5,2.7875,-1.066373199,-0.206980038,22.67083333,68.375,462.7083333,0,0.369475666,43.53718032,0,80.08333333,Post_Monsoon
11/22/2024,93.225,156,2.9125,-0.964280334,2.006257097,23.4375,67.125,477.0833333,0,0.615819508,67.06686346,0,101.6375,Post_Monsoon
11/23/2024,83.68333333,132.7,3.504166667,-1.608265481,2.028007557,23.30416667,71.29166667,441.4583333,0,0.73096961,65.44690188,0,118.6416667,Post_Monsoon
11/24/2024,98.53333333,137.4,5.954166667,-3.21867269,4.579668833,22.98333333,63.70833333,459.5833333,0,0.927680924,64.61923786,0,106.3583333,Post_Monsoon
11/25/2024,131.4916667,184.4,5.475,-1.919426649,4.756421221,22.46666667,62.29166667,448.5416667,0,0.65859336,58.06432081,0,120.6583333,Post_Monsoon
11/26/2024,81.84583333,180.7,4.883333333,-2.175106051,4.068738299,22.14166667,64.29166667,465.4166667,0,0.506816441,47.7035206,0,79.375,Post_Monsoon
11/27/2024,88.02916667,121.5,4.829166667,0.502876127,4.05664022,22.54166667,68.875,421.0416667,0,0.307025381,33.92666413,0,56.2125,Post_Monsoon
11/28/2024,63.15833333,90.3,6.266666667,0.56123886,5.963385002,23.225,65.66666667,343.125,0,0.188880691,16.78347163,0,75.91666667,Post_Monsoon
11/29/2024,56.82083333,75,5.141666667,0.25180882,4.463060517,24.1625,66.875,296.6666667,0,0.192708528,22.3748657,0,93.225,Post_Monsoon
11/30/2024,39.92916667,64.7,6.004166667,-2.673925008,2.737763737,23.98333333,70.95833333,247.2916667,0,0.226396787,23.93477844,0,83.68333333,Post_Monsoon
12/1/2024,33.4,41,5.404166667,-3.738578362,3.32153286,23.8,64.04166667,320.4166667,0.3,0.279175452,30.78658073,0,98.53333333,Winter
12/2/2024,41.1625,55.1,6.291666667,-4.026963694,3.804663665,23.06666667,64.70833333,322.2916667,0,0.290961,33.55618039,0,131.4916667,Winter
12/3/2024,42.1125,65,7.016666667,-4.959460011,4.765803605,22.6125,68.95833333,326.4583333,0,0.281806929,35.32190399,0,81.84583333,Winter
12/4/2024,91.5625,156.5,6.879166667,-3.843576974,5.256753775,22.37083333,65.58333333,370,0,0.527059422,52.16534336,0,88.02916667,Winter
12/5/2024,137.7375,206.8,5.058333333,-3.735581447,2.302344966,22.15,65.45833333,401.875,0,1.081020313,141.1963267,0,63.15833333,Winter
12/6/2024,83.04583333,138.8,7.195833333,-5.61423622,4.032012532,21.30416667,60.33333333,474.375,0,0.646477276,106.9500782,0,56.82083333,Winter
12/7/2024,75.3,118.7,5.9625,-2.986320038,3.767318647,20.32916667,56.91666667,368.5416667,0,0.469666769,77.59539525,0,39.92916667,Winter
12/8/2024,115.2291667,169.5,4.545833333,-1.893259957,3.374562762,20.0375,58.375,328.5416667,0,0.612321655,88.24808222,0,33.4,Winter
12/9/2024,132.9708333,175.1,4.516666667,-1.638000536,3.558851701,20.28333333,64.125,336.4583333,0,0.744712801,72.11631092,0,41.1625,Winter
12/10/2024,123.7,156.5,6.445833333,-3.781012277,4.921500409,20.54166667,72.04166667,369.375,0,0.91924096,75.47739643,0,42.1125,Winter
12/11/2024,99.125,117.3,7.870833333,-4.13568909,6.032717344,19.8625,67.58333333,441.0416667,0,0.412022408,57.2259593,0,91.5625,Winter
12/12/2024,102.1541667,140.6,8.0125,-4.993718315,5.405822791,19.05416667,69.75,338.3333333,0,0.557006328,80.03923281,0,137.7375,Winter
12/13/2024,102.2916667,127.6,7.55,-4.90736612,5.151152804,19.3375,71.70833333,343.3333333,0,0.58437406,87.85996877,0,83.04583333,Winter
12/14/2024,103.5291667,124.8,7.429166667,-4.595230805,5.464621288,19.31666667,70.375,342.5,0,0.576947393,87.32222107,0,75.3,Winter
12/15/2024,87.87083333,114.6,6.104166667,-3.708874899,4.559801818,19.275,71,297.9166667,0,0.305502614,60.3758506,0,115.2291667,Winter
12/16/2024,83.96666667,114.6,4.191666667,-2.977307548,2.079304151,19.35416667,67.875,225.625,0,0.153782237,30.37329282,0,132.9708333,Winter
12/17/2024,81.85,117.3,5.225,-3.728760614,2.138185649,20.6875,62.41666667,186.25,0,0.360827592,53.56430893,0,123.7,Winter
12/18/2024,79.24583333,102.7,5.7,-3.840113654,3.575574451,21,67.83333333,297.2916667,0,0.520399721,71.70362003,0,99.125,Winter
12/19/2024,99.29166667,146.7,4.370833333,-2.762457511,2.871749235,20.30416667,72.29166667,256.0416667,0,0.459283064,82.17806413,0,102.1541667,Winter
12/20/2024,96.8875,134.1,3.8125,-2.295898537,2.216391406,20.38333333,71.625,305.2083333,0,0.450834143,78.23295352,0,102.2916667,Winter
12/21/2024,96.92083333,132.2,3.716666667,-0.884008124,-1.64180628,19.49166667,76.875,137.5,0.9,0.292067116,53.2809885,0,103.5291667,Winter
12/22/2024,89.37916667,144.8,7.0875,1.395104482,6.659832515,19.70416667,76.5,257.5,0,0.446551684,48.51584805,0,87.87083333,Winter
12/23/2024,81.5125,120.6,5.558333333,-2.319329596,4.626649844,19.88333333,68.16666667,313.125,0,0.337620042,42.07795327,0,83.96666667,Winter
12/24/2024,89.10833333,119,5.141666667,-3.219450131,3.257202958,20.15,65.04166667,380.625,0,0.305929632,35.69152425,0,81.85,Winter
12/25/2024,72.03333333,125.7,4.15,-2.633698855,2.860779978,20.8375,60.54166667,323.5416667,0,0.384245185,41.58206831,0,79.24583333,Winter
12/26/2024,68.12916667,101,6.65,-1.947860707,5.982366058,21.7375,61.25,296.875,0,0.47129727,52.07023827,0,99.29166667,Winter
12/27/2024,55.04166667,80.6,7.666666667,-4.610186126,5.910447561,20.95833333,62.875,365.625,0,0.298470518,39.08727276,0,96.8875,Winter
12/28/2024,71.60416667,107.6,5.391666667,-3.705787602,3.202919853,20.75833333,66.375,357.2916667,0,0.307498978,40.75462506,0,96.92083333,Winter
12/29/2024,76.375,103.1,5.325,-5.018729675,1.373374165,21.075,68.16666667,333.9583333,0,0.457447659,48.20366941,0,89.37916667,Winter
12/30/2024,86.92083333,101.5,6.841666667,-4.853614489,4.454844686,21.41666667,68.95833333,372.2916667,0,0.365680972,35.48580644,0,81.5125,Winter
12/31/2024,75.65416667,89.4,8.641666667,-6.530145946,4.811312922,19.875,71.125,462.9166667,0,0.528414972,60.99116221,0,89.10833333,Winter
1/1/2025,82.70416667,96.9,8.483333333,-5.725483879,6.148885387,19.13333333,76.70833333,425.625,0,0.531936227,66.70252658,0,72.03333333,Winter
1/2/2025,87.31666667,111.1,8.5125,-6.230972885,5.674011278,18.2125,79.04166667,353.125,0,0.53031399,63.82476597,0,68.12916667,Winter
1/3/2025,112.775,168.1,5.441666667,-2.447669869,4.225670914,18.69583333,76.33333333,335.4166667,0,0.66190646,79.27987353,0,55.04166667,Winter
1/4/2025,107.0666667,146.7,5.245833333,0.347993052,2.92464904,20.25416667,75.83333333,427.0833333,0,0.610999697,67.89735689,0,71.60416667,Winter
1/5/2025,86.57083333,124.3,3.891666667,3.326389181,-0.094196954,21.14166667,76.625,335,0,0.435667541,44.58459668,0,76.375,Winter
1/6/2025,89.94166667,148.5,4.958333333,-3.030494136,-3.239698615,21.88333333,74.54166667,430.8333333,0,0.429258152,39.4790009,0,86.92083333,Winter
1/7/2025,99.30416667,135,5.7375,-5.077111843,-1.942173702,20.90833333,68.45833333,466.4583333,0,0.697528312,49.67042859,0,75.65416667,Winter
1/8/2025,92.0125,120.6,7.933333333,-5.215946151,5.399324728,19.275,73.29166667,465.2083333,0,0.927219242,80.89696175,0,82.70416667,Winter
1/9/2025,83.79583333,118.3,7.725,-4.75214476,5.505041573,17.89583333,72.33333333,382.9166667,0,0.41814871,53.229805,0,87.31666667,Winter
1/10/2025,104.2458333,130.9,5.879166667,-3.594408437,4.124744186,18.44166667,66.125,349.375,0,0.5147607,75.91423916,0,112.775,Winter
1/11/2025,99.20833333,143,4.454166667,-0.929761187,3.670448018,19.70416667,65.70833333,331.0416667,0,0.37570102,58.30273482,0,107.0666667,Winter
1/12/2025,86.7625,137.8,4.929166667,-0.008151691,1.391676657,21.175,63.125,358.5416667,0,0.251762589,34.88581204,0,86.57083333,Winter
1/13/2025,101.275,145.3,5.645833333,-4.899969566,1.143258304,21.52083333,65.33333333,448.5416667,0,0.667189797,53.01216156,0,89.94166667,Winter
1/14/2025,98.39166667,142,7.545833333,-3.723152852,6.265895554,21.13333333,64.79166667,537.0833333,0,0.576365482,64.19608401,0,99.30416667,Winter
1/15/2025,75.0625,92.4,8.316666667,-5.168862546,6.402015472,20.80833333,62.875,464.375,0,0.526363735,64.11479886,0,92.0125,Winter
1/16/2025,73.275,95.7,6.683333333,-4.317648296,4.607761968,21.1,65.04166667,399.5833333,0,0.421360246,49.92913642,0,83.79583333,Winter
1/17/2025,70.53333333,95,6.616666667,-4.487078089,4.380590922,21.32916667,62.25,470,0,0.503608993,55.0849787,0,104.2458333,Winter
1/18/2025,67.65416667,85.4,7.75,-5.865692311,4.818206264,20.80833333,67.75,432.5,0,0.572763323,60.51633594,0,99.20833333,Winter
1/19/2025,74.26666667,94.3,9.254166667,-7.080093895,5.335393181,19.99166667,65.95833333,372.7083333,0,0.443216247,69.20438208,0,86.7625,Winter
1/20/2025,100.4791667,142.5,7.204166667,-6.611106194,2.087717895,19.33333333,71.04166667,384.1666667,0,0.681991375,91.86162613,0,101.275,Winter
1/21/2025,140.35,213.3,4.933333333,-3.395520517,1.915908788,19.80416667,70.79166667,391.4583333,0,1.016855474,139.8704151,0,98.39166667,Winter
1/22/2025,179.8958333,252.4,4.429166667,-3.418808241,1.410491179,20.6,72.75,361.6666667,0,1.010697204,114.4243738,0,75.0625,Winter
1/23/2025,182.3333333,235.6,4.716666667,-3.377499879,2.556971366,19.775,71.75,301.0416667,0,0.719147311,103.0584576,0,73.275,Winter
1/24/2025,188.6541667,252.4,4.016666667,-1.393903507,1.555111273,20.42916667,69.29166667,371.6666667,0,0.674843234,82.7451351,0,70.53333333,Winter
1/25/2025,165.3416667,235.2,5.775,-2.014129328,3.625145795,20.65833333,66.08333333,475,0,1.216310054,96.57281105,0,67.65416667,Winter
1/26/2025,111.9541667,156,7.070833333,-4.119134573,4.590598415,19.84166667,60.66666667,505.625,0,0.694209742,85.27604383,0,74.26666667,Winter
1/27/2025,101.0833333,123.9,6.0125,-5.4745459,0.215850801,19.94583333,65.875,507.2916667,0,0.826539037,87.17036901,0,100.4791667,Winter
1/28/2025,131.0416667,224.9,6.091666667,-5.375978699,0.264173501,20.5125,61.16666667,488.125,0,0.793181154,67.73719728,0,140.35,Winter
1/29/2025,167.0041667,219.8,4.158333333,-1.431927613,-0.857519977,21.0625,56.04166667,540.2083333,0,0.673999476,69.86826036,0,179.8958333,Winter
1/30/2025,118.6708333,196.5,9.354166667,-2.185918243,-8.212205946,21.60416667,71.83333333,402.9166667,2,0.96266019,59.03660826,0,182.3333333,Winter
1/31/2025,76.9375,112.9,7.595833333,-2.522113855,-6.22919458,22.70416667,83.08333333,391.4583333,1.1,0.938343823,40.4042064,0,188.6541667,Winter
